Workbook

Sheet Summary
A1: S1 v10 fade: same-day exit, trade sheet
A2: Results-day fade: strong numbers -> a bought put, weak numbers -> a bought call, 1 lot Rs 600-8,000, bought on day 0 and sold at the close the same day. Backtest 2025-01-01 to 2026-09-25, entry at day 0's open + 1 tick.
A3: Descriptive only, not out of sample (see 'Rule and notes'). All figures below are formulas on the 'Backtest trades' sheet.
A5: Group | B5: Trades | C5: Hit rate | D5: Mean net % of premium | E5: Total net P&L Rs | F5: Avg premium Rs | G5: Stock open to close, signed % (mean)
A6: All trades | B6: =COUNT('Backtest trades'!$O$2:$O$435) | C6: =COUNTIF('Backtest trades'!$O$2:$O$435,">0")/B6 | D6: =AVERAGE('Backtest trades'!$P$2:$P$435) | E6: =SUM('Backtest trades'!$O$2:$O$435) | F6: =AVERAGE('Backtest trades'!$M$2:$M$435) | G6: =AVERAGE('Backtest trades'!$Q$2:$Q$435)
A7: Puts (strong numbers) | B7: =COUNTIF('Backtest trades'!$C$2:$C$435,"PE") | C7: =COUNTIFS('Backtest trades'!$C$2:$C$435,"PE",'Backtest trades'!$O$2:$O$435,">0")/B7 | D7: =AVERAGEIFS('Backtest trades'!$P$2:$P$435,'Backtest trades'!$C$2:$C$435,"PE") | E7: =SUMIFS('Backtest trades'!$O$2:$O$435,'Backtest trades'!$C$2:$C$435,"PE") | F7: =AVERAGEIFS('Backtest trades'!$M$2:$M$435,'Backtest trades'!$C$2:$C$435,"PE") | G7: =AVERAGEIFS('Backtest trades'!$Q$2:$Q$435,'Backtest trades'!$C$2:$C$435,"PE")
A8: Calls (weak numbers) | B8: =COUNTIF('Backtest trades'!$C$2:$C$435,"CE") | C8: =COUNTIFS('Backtest trades'!$C$2:$C$435,"CE",'Backtest trades'!$O$2:$O$435,">0")/B8 | D8: =AVERAGEIFS('Backtest trades'!$P$2:$P$435,'Backtest trades'!$C$2:$C$435,"CE") | E8: =SUMIFS('Backtest trades'!$O$2:$O$435,'Backtest trades'!$C$2:$C$435,"CE") | F8: =AVERAGEIFS('Backtest trades'!$M$2:$M$435,'Backtest trades'!$C$2:$C$435,"CE") | G8: =AVERAGEIFS('Backtest trades'!$Q$2:$Q$435,'Backtest trades'!$C$2:$C$435,"CE")
A10: By period (day 0)
A11: Period | B11: Trades | C11: Hit rate | D11: Mean net % of premium | E11: Total net P&L Rs
A12: 2025_H1 | B12: =COUNTIF('Backtest trades'!$R$2:$R$435,A12) | C12: =COUNTIFS('Backtest trades'!$R$2:$R$435,A12,'Backtest trades'!$O$2:$O$435,">0")/B12 | D12: =AVERAGEIFS('Backtest trades'!$P$2:$P$435,'Backtest trades'!$R$2:$R$435,A12) | E12: =SUMIFS('Backtest trades'!$O$2:$O$435,'Backtest trades'!$R$2:$R$435,A12)
A13: 2025_H2 | B13: =COUNTIF('Backtest trades'!$R$2:$R$435,A13) | C13: =COUNTIFS('Backtest trades'!$R$2:$R$435,A13,'Backtest trades'!$O$2:$O$435,">0")/B13 | D13: =AVERAGEIFS('Backtest trades'!$P$2:$P$435,'Backtest trades'!$R$2:$R$435,A13) | E13: =SUMIFS('Backtest trades'!$O$2:$O$435,'Backtest trades'!$R$2:$R$435,A13)
A14: 2026_H1 | B14: =COUNTIF('Backtest trades'!$R$2:$R$435,A14) | C14: =COUNTIFS('Backtest trades'!$R$2:$R$435,A14,'Backtest trades'!$O$2:$O$435,">0")/B14 | D14: =AVERAGEIFS('Backtest trades'!$P$2:$P$435,'Backtest trades'!$R$2:$R$435,A14) | E14: =SUMIFS('Backtest trades'!$O$2:$O$435,'Backtest trades'!$R$2:$R$435,A14)
A15: 2026_Q3 | B15: =COUNTIF('Backtest trades'!$R$2:$R$435,A15) | C15: =COUNTIFS('Backtest trades'!$R$2:$R$435,A15,'Backtest trades'!$O$2:$O$435,">0")/B15 | D15: =AVERAGEIFS('Backtest trades'!$P$2:$P$435,'Backtest trades'!$R$2:$R$435,A15) | E15: =SUMIFS('Backtest trades'!$O$2:$O$435,'Backtest trades'!$R$2:$R$435,A15)
A17: Check against the report: 434 trades here have a valid same-day exit; the report's headline uses the 433 valid under both exits, so its figures differ in the last digit (data/results/S1_v10_backtest_report.md).
A20: Plain-number copy of the table above (for viewers that do not calculate formulas)
A21: Group | B21: Trades | C21: Hit rate | D21: Mean net % of premium | E21: Total net P&L Rs
A22: All trades | B22: 434 | C22: 0.4009 | D22: 5.63 | E22: 126164
A23: Puts (strong numbers) | B23: 322 | C23: 0.4068 | D23: 7.06 | E23: 126231
A24: Calls (weak numbers) | B24: 112 | C24: 0.3839 | D24: 1.55 | E24: -68

Sheet Backtest trades
A1: Day 0 | B1: Symbol | C1: Side | D1: AMFI | E1: Net profit YoY % | F1: Net profit QoQ % | G1: Revenue YoY % | H1: Expiry | I1: Strike | J1: Lot | K1: Entry price (open + 1 tick) | L1: Same-day exit price (close - 1 tick) | M1: Premium paid Rs | N1: Gross P&L Rs | O1: Net P&L Rs (after charges and slippage) | P1: Net % of premium | Q1: Stock open to close, signed % | R1: Period
A2: 2025-01-10 | B2: TCS | C2: PE | D2: large | E2: 12.1 | F2: 4.1 | G2: 5.6 | H2: 2025-01-30 | I2: 4050 | J2: 175 | K2: 45.05 | L2: 25.2 | M2: =K2*J2 | N2: =(L2-K2)*J2 | O2: -3655.92 | P2: =O2/M2*100 | Q2: -1.563 | R2: 2025_H1
A3: 2025-01-15 | B3: HDFCAMC | C3: PE | D3: mid | E3: 31.4 | F3: 11.2 | G3: 39.2 | H3: 2025-01-30 | I3: 3750 | J3: 150 | K3: 50.05 | L3: 15.5 | M3: =K3*J3 | N3: =(L3-K3)*J3 | O3: -5434.21 | P3: =O3/M3*100 | Q3: -3.734 | R3: 2025_H1
A4: 2025-01-16 | B4: OFSS | C4: CE | D4: mid | E4: -26.9 | F4: -6.3 | G4: -5.9 | H4: 2025-01-30 | I4: 11000 | J4: 50 | K4: 101.05 | L4: 89.5 | M4: =K4*J4 | N4: =(L4-K4)*J4 | O4: -826.12 | P4: =O4/M4*100 | Q4: 1.899 | R4: 2025_H1
A5: 2025-01-17 | B5: INFY | C5: PE | D5: large | E5: 11.6 | F5: 4.7 | G5: 7.6 | H5: 2025-01-30 | I5: 1780 | J5: 400 | K5: 15.05 | L5: 19.3 | M5: =K5*J5 | N5: =(L5-K5)*J5 | O5: 1497.85 | P5: =O5/M5*100 | Q5: 1.921 | R5: 2025_H1
A6: 2025-01-17 | B6: RELIANCE | C6: PE | D6: large | E6: 11.7 | F6: 13.5 | G6: 7 | H6: 2025-01-30 | I6: 1270 | J6: 500 | K6: 10.05 | L6: 7 | M6: =K6*J6 | N6: =(L6-K6)*J6 | O6: -1666.43 | P6: =O6/M6*100 | Q6: 1.505 | R6: 2025_H1
A7: 2025-01-20 | B7: INDHOTEL | C7: PE | D7: mid | E7: 32.6 | F7: 8.5 | G7: 29 | H7: 2025-01-30 | I7: 780 | J7: 1000 | K7: 6.05 | L7: 9.1 | M7: =K7*J7 | N7: =(L7-K7)*J7 | O7: 2679.6 | P7: =O7/M7*100 | Q7: 4.071 | R7: 2025_H1
A8: 2025-01-20 | B8: WIPRO | C8: PE | D8: large | E8: 24.7 | F8: 4.3 | G8: 0.5 | H8: 2025-01-30 | I8: 282.5 | J8: 3000 | K8: 2.05 | L8: 0.9 | M8: =K8*J8 | N8: =(L8-K8)*J8 | O8: -3593.65 | P8: =O8/M8*100 | Q8: 0.579 | R8: 2025_H1
A9: 2025-01-21 | B9: APLAPOLLO | C9: PE | D9: mid | E9: 31.1 | F9: 303.2 | G9: 30 | H9: 2025-01-30 | I9: 1560 | J9: 350 | K9: 20.35 | L9: 19.85 | M9: =K9*J9 | N9: =(L9-K9)*J9 | O9: -520.16 | P9: =O9/M9*100 | Q9: 2.068 | R9: 2025_H1
A10: 2025-01-21 | B10: OBEROIRLTY | C10: PE | D10: mid | E10: 71.7 | F10: 4.9 | G10: 33.9 | H10: 2025-01-30 | I10: 1900 | J10: 350 | K10: 22.05 | L10: 89 | M10: =K10*J10 | N10: =(L10-K10)*J10 | O10: 22544.65 | P10: =O10/M10*100 | Q10: 7.61 | R10: 2025_H1
A11: 2025-01-21 | B11: SUPREMEIND | C11: CE | D11: mid | E11: -27 | F11: -9.5 | G11: 2.5 | H11: 2025-01-30 | I11: 4200 | J11: 125 | K11: 58.05 | L11: 28 | M11: =K11*J11 | N11: =(L11-K11)*J11 | O11: -4028.56 | P11: =O11/M11*100 | Q11: -1.052 | R11: 2025_H1
A12: 2025-01-23 | B12: HINDUNILVR | C12: PE | D12: large | E12: 19.2 | F12: 15.2 | G12: 1.6 | H12: 2025-01-30 | I12: 2260 | J12: 300 | K12: 23.8 | L12: 5.15 | M12: =K12*J12 | N12: =(L12-K12)*J12 | O12: -5735.24 | P12: =O12/M12*100 | Q12: -0.289 | R12: 2025_H1
A13: 2025-01-23 | B13: PERSISTENT | C13: PE | D13: mid | E13: 30.4 | F13: 14.8 | G13: 22.6 | H13: 2025-01-30 | I13: 5500 | J13: 100 | K13: 50.05 | L13: 5.3 | M13: =K13*J13 | N13: =(L13-K13)*J13 | O13: -4636.18 | P13: =O13/M13*100 | Q13: -8.596 | R13: 2025_H1
... A435: 2026-08-17 | B435: VOLTAS | C435: PE | D435: mid | E435: 51.3 | F435: 87.6 | G435: 18.7 | H435: 2026-08-25 | I435: 1300 | J435: 375 | K435: 21.1 | L435: 47.9 | M435: =K435*J435 | N435: =(L435-K435)*J435 | O435: 9447.24 | P435: =O435/M435*100 | Q435: 4.665 | R435: 2026_Q3

Sheet Live paper fade
A1: Opened | B1: Symbol | C1: Contract | D1: Side | E1: Lot | F1: Entry price | G1: Status | H1: Exit price / last mark | I1: Price time | J1: Gross P&L Rs | K1: Net P&L Rs (ledger) | L1: Note
A2: 2026-10-15 15:17 | B2: BHEL | C2: BHEL26OCT410PE | D2: PE | E2: 2625 | F2: 2.25 | G2: Closed 2026-10-15 15:20 | H2: 2.2 | I2: 2026-10-15 15:20 | J2: =(H2-F2)*E2 | K2: -192.21 | L2: Sold at 15:20, as the rule says
A3: 2026-10-16 09:15 | B3: NESTLEIND | C3: NESTLEIND26OCT1250PE | D3: PE | E3: 500 | F3: 14.5 | G3: Open (missed 15:20, to be sold Mon 19 Oct) | H3: 18.65 | I3: 2026-10-16 11:21 | J3: =(H3-F3)*E3 | K3: 2006.62 | L3: Excluded from the v10 review; mark is stale (last save Fri 16 Oct 11:21)
A4: 2026-10-16 09:15 | B4: INDIANB | C4: INDIANB26OCT810PE | D4: PE | E4: 1000 | F4: 5.95 | G4: Open (missed 15:20, to be sold Mon 19 Oct) | H4: 2.5 | I4: 2026-10-16 11:21 | J4: =(H4-F4)*E4 | K4: -3504.68 | L4: Excluded from the v10 review; mark is stale (last save Fri 16 Oct 11:21)
A5: 2026-10-16 09:15 | B5: POLYCAB | C5: POLYCAB26OCT7700PE | D5: PE | E5: 125 | F5: 62.15 | G5: Open (missed 15:20, to be sold Mon 19 Oct) | H5: 49.25 | I5: 2026-10-16 11:21 | J5: =(H5-F5)*E5 | K5: -1675.02 | L5: Excluded from the v10 review; mark is stale (last save Fri 16 Oct 11:21)
A6: 2026-10-16 09:15 | B6: PERSISTENT | C6: PERSISTENT26OCT5900CE | D6: CE | E6: 125 | F6: 49.45 | G6: Open (missed 15:20, to be sold Mon 19 Oct) | H6: 40.4 | I6: 2026-10-16 11:21 | J6: =(H6-F6)*E6 | K6: -1190.95 | L6: Excluded from the v10 review; mark is stale (last save Fri 16 Oct 11:21)
A7: 2026-10-16 09:15 | B7: TECHM | C7: TECHM26OCT1620PE | D7: PE | E7: 600 | F7: 12.2 | G7: Open (missed 15:20, to be sold Mon 19 Oct) | H7: 3.65 | I7: 2026-10-16 11:21 | J7: =(H7-F7)*E7 | K7: -5184.71 | L7: Excluded from the v10 review; mark is stale (last save Fri 16 Oct 11:21)
A8: 2026-10-16 09:15 | B8: ANGELONE | C8: ANGELONE26OCT300PE | D8: PE | E8: 2500 | F8: 2.6 | G8: Open (missed 15:20, to be sold Mon 19 Oct) | H8: 5.35 | I8: 2026-10-16 11:21 | J8: =(H8-F8)*E8 | K8: 6799.18 | L8: Excluded from the v10 review; mark is stale (last save Fri 16 Oct 11:21)
A9: 2026-10-16 09:15 | B9: JIOFIN | C9: JIOFIN26OCT220CE | D9: CE | E9: 2350 | F9: 3.03 | G9: Open (missed 15:20, to be sold Mon 19 Oct) | H9: 2.76 | I9: 2026-10-16 11:21 | J9: =(H9-F9)*E9 | K9: -697.37 | L9: Excluded from the v10 review; mark is stale (last save Fri 16 Oct 11:21)
A10: 2026-10-16 09:15 | B10: LTF | C10: LTF26OCT245PE | D10: PE | E10: 2250 | F10: 3.55 | G10: Open (missed 15:20, to be sold Mon 19 Oct) | H10: 2.05 | I10: 2026-10-16 11:21 | J10: =(H10-F10)*E10 | K10: -3434.66 | L10: Excluded from the v10 review; mark is stale (last save Fri 16 Oct 11:21)
A12: Total | J12: =SUM(J2:J10) | K12: =SUM(K2:K10)
A14: Source: paper_ledger.json on the paper-state branch, last saved 2026-10-16 11:21 IST. Open marks are the best bid at that time, not today's prices. Expiry 27 Oct 2026.

Sheet Rule and notes
A1: The rule (S1 v10, strategies/S1_v10_results_day_fade_paper.md)
A2: Signal: a results filing; day 0 = the first full session after it. Strong = net profit YoY > +10 %, QoQ > 0, revenue YoY > 0 -> buy a put. Weak = net profit YoY < -10 %, QoQ < 0 -> buy a call. Anything else: no trade.
A3: Trade: 1 lot, current monthly expiry (next one if fewer than 2 sessions are left), from the strike nearest the previous close walking away from the money to the first liquid strike with a lot at Rs 600-8,000 and a premium of at least Rs 2.
A4: Exit: strictly the same day. Live: the first poll from 15:20 at the best bid. Backtest: day 0's close minus one tick. No stop, no overnight hold.
A5: Decision of 2026-10-17: the same-day exit is strict for every fade trade; the carried-trade rule (-20 % stop, 25 % trail, T-1) was retired.
A7: How to read the backtest sheet
A8: Net P&L is after charges (server/charges.py, post-April-2026) and slippage by AMFI category (large 1 %, mid 2 %, small 3 % per side). Net P&L Rs is a value from the backtest; premium, gross P&L and net % are formulas.
A9: Entry is day 0's open plus one tick. The live system buys at the ask at the first poll that fits, minutes after 09:15, which is later and dearer.
A10: With entry at the day's VWAP plus one tick instead, the same-day exit is negative (-14.9 % mean, t -12.8): the result depends on the entry price.
A11: Liquidity test: the live walk needs a two-sided quote and a spread of 10 % or less; history has no order book, so it is 50 or more contracts on day 0.
A12: Descriptive only. Not out of sample: 2025-26 is the holdout S1 v8 already used and the window where the fade pattern was seen (S1 v9).
A13: No rule changes follow from it. The live paper trades are the only fresh evidence; review at 30 closed trades or 6 weeks.
