Workbook

Sheet Summary
A1: S1 v10 fade · premium-floor backtest, 2025-01-01 to 2026-09-25
A2: Entry at day 0's option open + 1 tick, sold at day 0's close - 1 tick (E1, v10's same-day exit). Net after charges and slippage. A trade counts at floor f when its fill >= f. Every number below is a formula on the Trades sheet: change the yellow cell or the Include column and it recalculates.
A4: Floor to test (Rs) | B4: 1
A6: At the floor in B4
A7: Trades | B7: N | C7: Wins | D7: Hit rate | E7: Mean net % | F7: Total net Rs | G7: Avg lot Rs | H7: Mean day-high % (hindsight) | I7: E2 total net Rs
A8: All trades taken (fill >= floor) | B8: =COUNTIFS(Trades!$AE$2:$AE$494,1,Trades!$R$2:$R$494,">="&$B$4) -> 484 | C8: =COUNTIFS(Trades!$AE$2:$AE$494,1,Trades!$U$2:$U$494,">0",Trades!$R$2:$R$494,">="&$B$4) -> 190 | D8: =IF(C8=0,"-",C8/B8) -> 0.39256198 | E8: =IF(B8=0,"-",SUMIFS(Trades!$V$2:$V$494,Trades!$AE$2:$AE$494,1,Trades!$R$2:$R$494,">="&$B$4)/B8) -> 0.10384662 | F8: =SUMIFS(Trades!$U$2:$U$494,Trades!$AE$2:$AE$494,1,Trades!$R$2:$R$494,">="&$B$4) -> 128742.69 | G8: =IF(B8=0,"-",SUMIFS(Trades!$T$2:$T$494,Trades!$AE$2:$AE$494,1,Trades!$R$2:$R$494,">="&$B$4)/B8) -> 6322.6039 | H8: =IF(B8=0,"-",SUMIFS(Trades!$X$2:$X$494,Trades!$AE$2:$AE$494,1,Trades!$R$2:$R$494,">="&$B$4)/B8) -> 0.89285418 | I8: =SUMIFS(Trades!$AA$2:$AA$494,Trades!$AE$2:$AE$494,1,Trades!$R$2:$R$494,">="&$B$4) -> -298393.65
A9: of which v10 already takes (fill >= Rs 2) | B9: =COUNTIFS(Trades!$AE$2:$AE$494,1,Trades!$R$2:$R$494,">=2") -> 434 | C9: =COUNTIFS(Trades!$AE$2:$AE$494,1,Trades!$U$2:$U$494,">0",Trades!$R$2:$R$494,">=2") -> 174 | D9: =IF(C9=0,"-",C9/B9) -> 0.40092166 | E9: =IF(B9=0,"-",SUMIFS(Trades!$V$2:$V$494,Trades!$AE$2:$AE$494,1,Trades!$R$2:$R$494,">=2")/B9) -> 0.056350017 | F9: =SUMIFS(Trades!$U$2:$U$494,Trades!$AE$2:$AE$494,1,Trades!$R$2:$R$494,">=2") -> 126163.61 | G9: =IF(B9=0,"-",SUMIFS(Trades!$T$2:$T$494,Trades!$AE$2:$AE$494,1,Trades!$R$2:$R$494,">=2")/B9) -> 6335.6631 | H9: =IF(B9=0,"-",SUMIFS(Trades!$X$2:$X$494,Trades!$AE$2:$AE$494,1,Trades!$R$2:$R$494,">=2")/B9) -> 0.83479765 | I9: =SUMIFS(Trades!$AA$2:$AA$494,Trades!$AE$2:$AE$494,1,Trades!$R$2:$R$494,">=2") -> -286244.47
A10: of which the lower floor adds (floor <= fill < Rs 2) | B10: =COUNTIFS(Trades!$AE$2:$AE$494,1,Trades!$R$2:$R$494,">="&$B$4,Trades!$R$2:$R$494,"<2") -> 50 | C10: =COUNTIFS(Trades!$AE$2:$AE$494,1,Trades!$U$2:$U$494,">0",Trades!$R$2:$R$494,">="&$B$4,Trades!$R$2:$R$494,"<2") -> 16 | D10: =IF(C10=0,"-",C10/B10) -> 0.32 | E10: =IF(B10=0,"-",SUMIFS(Trades!$V$2:$V$494,Trades!$AE$2:$AE$494,1,Trades!$R$2:$R$494,">="&$B$4,Trades!$R$2:$R$494,"<2")/B10) -> 0.51611715 | F10: =SUMIFS(Trades!$U$2:$U$494,Trades!$AE$2:$AE$494,1,Trades!$R$2:$R$494,">="&$B$4,Trades!$R$2:$R$494,"<2") -> 2579.08 | G10: =IF(B10=0,"-",SUMIFS(Trades!$T$2:$T$494,Trades!$AE$2:$AE$494,1,Trades!$R$2:$R$494,">="&$B$4,Trades!$R$2:$R$494,"<2")/B10) -> 6209.25 | H10: =IF(B10=0,"-",SUMIFS(Trades!$X$2:$X$494,Trades!$AE$2:$AE$494,1,Trades!$R$2:$R$494,">="&$B$4,Trades!$R$2:$R$494,"<2")/B10) -> 1.3967848 | I10: =SUMIFS(Trades!$AA$2:$AA$494,Trades!$AE$2:$AE$494,1,Trades!$R$2:$R$494,">="&$B$4,Trades!$R$2:$R$494,"<2") -> -12149.18
A12: Every floor side by side (the added trades: floor <= fill < Rs 2)
A13: Trades | B13: N | C13: Wins | D13: Hit rate | E13: Mean net % | F13: Total net Rs | G13: Avg lot Rs | H13: Mean day-high % (hindsight) | I13: E2 total net Rs
A14: Floor Rs 1.5: added trades | B14: =COUNTIFS(Trades!$AE$2:$AE$494,1,Trades!$R$2:$R$494,">=1.5",Trades!$R$2:$R$494,"<2") -> 24 | C14: =COUNTIFS(Trades!$AE$2:$AE$494,1,Trades!$U$2:$U$494,">0",Trades!$R$2:$R$494,">=1.5",Trades!$R$2:$R$494,"<2") -> 7 | D14: =IF(C14=0,"-",C14/B14) -> 0.29166667 | E14: =IF(B14=0,"-",SUMIFS(Trades!$V$2:$V$494,Trades!$AE$2:$AE$494,1,Trades!$R$2:$R$494,">=1.5",Trades!$R$2:$R$494,"<2")/B14) -> -0.12268306 | F14: =SUMIFS(Trades!$U$2:$U$494,Trades!$AE$2:$AE$494,1,Trades!$R$2:$R$494,">=1.5",Trades!$R$2:$R$494,"<2") -> -16649.77 | G14: =IF(B14=0,"-",SUMIFS(Trades!$T$2:$T$494,Trades!$AE$2:$AE$494,1,Trades!$R$2:$R$494,">=1.5",Trades!$R$2:$R$494,"<2")/B14) -> 6135.375 | H14: =IF(B14=0,"-",SUMIFS(Trades!$X$2:$X$494,Trades!$AE$2:$AE$494,1,Trades!$R$2:$R$494,">=1.5",Trades!$R$2:$R$494,"<2")/B14) -> 0.63298355 | I14: =SUMIFS(Trades!$AA$2:$AA$494,Trades!$AE$2:$AE$494,1,Trades!$R$2:$R$494,">=1.5",Trades!$R$2:$R$494,"<2") -> -44212.12
A15: Floor Rs 1: added trades | B15: =COUNTIFS(Trades!$AE$2:$AE$494,1,Trades!$R$2:$R$494,">=1.0",Trades!$R$2:$R$494,"<2") -> 50 | C15: =COUNTIFS(Trades!$AE$2:$AE$494,1,Trades!$U$2:$U$494,">0",Trades!$R$2:$R$494,">=1.0",Trades!$R$2:$R$494,"<2") -> 16 | D15: =IF(C15=0,"-",C15/B15) -> 0.32 | E15: =IF(B15=0,"-",SUMIFS(Trades!$V$2:$V$494,Trades!$AE$2:$AE$494,1,Trades!$R$2:$R$494,">=1.0",Trades!$R$2:$R$494,"<2")/B15) -> 0.51611715 | F15: =SUMIFS(Trades!$U$2:$U$494,Trades!$AE$2:$AE$494,1,Trades!$R$2:$R$494,">=1.0",Trades!$R$2:$R$494,"<2") -> 2579.08 | G15: =IF(B15=0,"-",SUMIFS(Trades!$T$2:$T$494,Trades!$AE$2:$AE$494,1,Trades!$R$2:$R$494,">=1.0",Trades!$R$2:$R$494,"<2")/B15) -> 6209.25 | H15: =IF(B15=0,"-",SUMIFS(Trades!$X$2:$X$494,Trades!$AE$2:$AE$494,1,Trades!$R$2:$R$494,">=1.0",Trades!$R$2:$R$494,"<2")/B15) -> 1.3967848 | I15: =SUMIFS(Trades!$AA$2:$AA$494,Trades!$AE$2:$AE$494,1,Trades!$R$2:$R$494,">=1.0",Trades!$R$2:$R$494,"<2") -> -12149.18
A16: Floor Rs 0.5: added trades | B16: =COUNTIFS(Trades!$AE$2:$AE$494,1,Trades!$R$2:$R$494,">=0.5",Trades!$R$2:$R$494,"<2") -> 57 | C16: =COUNTIFS(Trades!$AE$2:$AE$494,1,Trades!$U$2:$U$494,">0",Trades!$R$2:$R$494,">=0.5",Trades!$R$2:$R$494,"<2") -> 19 | D16: =IF(C16=0,"-",C16/B16) -> 0.33333333 | E16: =IF(B16=0,"-",SUMIFS(Trades!$V$2:$V$494,Trades!$AE$2:$AE$494,1,Trades!$R$2:$R$494,">=0.5",Trades!$R$2:$R$494,"<2")/B16) -> 0.44064491 | F16: =SUMIFS(Trades!$U$2:$U$494,Trades!$AE$2:$AE$494,1,Trades!$R$2:$R$494,">=0.5",Trades!$R$2:$R$494,"<2") -> -3256.61 | G16: =IF(B16=0,"-",SUMIFS(Trades!$T$2:$T$494,Trades!$AE$2:$AE$494,1,Trades!$R$2:$R$494,">=0.5",Trades!$R$2:$R$494,"<2")/B16) -> 6234.6316 | H16: =IF(B16=0,"-",SUMIFS(Trades!$X$2:$X$494,Trades!$AE$2:$AE$494,1,Trades!$R$2:$R$494,">=0.5",Trades!$R$2:$R$494,"<2")/B16) -> 1.2727643 | I16: =SUMIFS(Trades!$AA$2:$AA$494,Trades!$AE$2:$AE$494,1,Trades!$R$2:$R$494,">=0.5",Trades!$R$2:$R$494,"<2") -> -25667.35
A17: Floor Rs 0.25: added trades | B17: =COUNTIFS(Trades!$AE$2:$AE$494,1,Trades!$R$2:$R$494,">=0.25",Trades!$R$2:$R$494,"<2") -> 57 | C17: =COUNTIFS(Trades!$AE$2:$AE$494,1,Trades!$U$2:$U$494,">0",Trades!$R$2:$R$494,">=0.25",Trades!$R$2:$R$494,"<2") -> 19 | D17: =IF(C17=0,"-",C17/B17) -> 0.33333333 | E17: =IF(B17=0,"-",SUMIFS(Trades!$V$2:$V$494,Trades!$AE$2:$AE$494,1,Trades!$R$2:$R$494,">=0.25",Trades!$R$2:$R$494,"<2")/B17) -> 0.44064491 | F17: =SUMIFS(Trades!$U$2:$U$494,Trades!$AE$2:$AE$494,1,Trades!$R$2:$R$494,">=0.25",Trades!$R$2:$R$494,"<2") -> -3256.61 | G17: =IF(B17=0,"-",SUMIFS(Trades!$T$2:$T$494,Trades!$AE$2:$AE$494,1,Trades!$R$2:$R$494,">=0.25",Trades!$R$2:$R$494,"<2")/B17) -> 6234.6316 | H17: =IF(B17=0,"-",SUMIFS(Trades!$X$2:$X$494,Trades!$AE$2:$AE$494,1,Trades!$R$2:$R$494,">=0.25",Trades!$R$2:$R$494,"<2")/B17) -> 1.2727643 | I17: =SUMIFS(Trades!$AA$2:$AA$494,Trades!$AE$2:$AE$494,1,Trades!$R$2:$R$494,">=0.25",Trades!$R$2:$R$494,"<2") -> -25667.35
A18: Floor Rs 0.05: added trades | B18: =COUNTIFS(Trades!$AE$2:$AE$494,1,Trades!$R$2:$R$494,">=0.05",Trades!$R$2:$R$494,"<2") -> 59 | C18: =COUNTIFS(Trades!$AE$2:$AE$494,1,Trades!$U$2:$U$494,">0",Trades!$R$2:$R$494,">=0.05",Trades!$R$2:$R$494,"<2") -> 19 | D18: =IF(C18=0,"-",C18/B18) -> 0.3220339 | E18: =IF(B18=0,"-",SUMIFS(Trades!$V$2:$V$494,Trades!$AE$2:$AE$494,1,Trades!$R$2:$R$494,">=0.05",Trades!$R$2:$R$494,"<2")/B18) -> 0.39747325 | F18: =SUMIFS(Trades!$U$2:$U$494,Trades!$AE$2:$AE$494,1,Trades!$R$2:$R$494,">=0.05",Trades!$R$2:$R$494,"<2") -> -10242.47 | G18: =IF(B18=0,"-",SUMIFS(Trades!$T$2:$T$494,Trades!$AE$2:$AE$494,1,Trades!$R$2:$R$494,">=0.05",Trades!$R$2:$R$494,"<2")/B18) -> 6168.4576 | H18: =IF(B18=0,"-",SUMIFS(Trades!$X$2:$X$494,Trades!$AE$2:$AE$494,1,Trades!$R$2:$R$494,">=0.05",Trades!$R$2:$R$494,"<2")/B18) -> 1.2318797 | I18: =SUMIFS(Trades!$AA$2:$AA$494,Trades!$AE$2:$AE$494,1,Trades!$R$2:$R$494,">=0.05",Trades!$R$2:$R$494,"<2") -> -32653.21
A19: v10 (Rs 2): all trades | B19: =COUNTIFS(Trades!$AE$2:$AE$494,1,Trades!$R$2:$R$494,">=2") -> 434 | C19: =COUNTIFS(Trades!$AE$2:$AE$494,1,Trades!$U$2:$U$494,">0",Trades!$R$2:$R$494,">=2") -> 174 | D19: =IF(C19=0,"-",C19/B19) -> 0.40092166 | E19: =IF(B19=0,"-",SUMIFS(Trades!$V$2:$V$494,Trades!$AE$2:$AE$494,1,Trades!$R$2:$R$494,">=2")/B19) -> 0.056350017 | F19: =SUMIFS(Trades!$U$2:$U$494,Trades!$AE$2:$AE$494,1,Trades!$R$2:$R$494,">=2") -> 126163.61 | G19: =IF(B19=0,"-",SUMIFS(Trades!$T$2:$T$494,Trades!$AE$2:$AE$494,1,Trades!$R$2:$R$494,">=2")/B19) -> 6335.6631 | H19: =IF(B19=0,"-",SUMIFS(Trades!$X$2:$X$494,Trades!$AE$2:$AE$494,1,Trades!$R$2:$R$494,">=2")/B19) -> 0.83479765 | I19: =SUMIFS(Trades!$AA$2:$AA$494,Trades!$AE$2:$AE$494,1,Trades!$R$2:$R$494,">=2") -> -286244.47
A22: By fill size
A23: Trades | B23: N | C23: Wins | D23: Hit rate | E23: Mean net % | F23: Total net Rs | G23: Avg lot Rs | H23: Mean day-high % (hindsight) | I23: E2 total net Rs
A24: Fill under Rs 1 | B24: =COUNTIFS(Trades!$AE$2:$AE$494,1,Trades!$R$2:$R$494,"<1") -> 9 | C24: =COUNTIFS(Trades!$AE$2:$AE$494,1,Trades!$U$2:$U$494,">0",Trades!$R$2:$R$494,"<1") -> 3 | D24: =IF(C24=0,"-",C24/B24) -> 0.33333333 | E24: =IF(B24=0,"-",SUMIFS(Trades!$V$2:$V$494,Trades!$AE$2:$AE$494,1,Trades!$R$2:$R$494,"<1")/B24) -> -0.26165953 | F24: =SUMIFS(Trades!$U$2:$U$494,Trades!$AE$2:$AE$494,1,Trades!$R$2:$R$494,"<1") -> -12821.55 | G24: =IF(B24=0,"-",SUMIFS(Trades!$T$2:$T$494,Trades!$AE$2:$AE$494,1,Trades!$R$2:$R$494,"<1")/B24) -> 5941.8333 | H24: =IF(B24=0,"-",SUMIFS(Trades!$X$2:$X$494,Trades!$AE$2:$AE$494,1,Trades!$R$2:$R$494,"<1")/B24) -> 0.31573988 | I24: =SUMIFS(Trades!$AA$2:$AA$494,Trades!$AE$2:$AE$494,1,Trades!$R$2:$R$494,"<1") -> -20504.03
A25: Fill Rs 1 to 2 | B25: =COUNTIFS(Trades!$AE$2:$AE$494,1,Trades!$R$2:$R$494,">=1",Trades!$R$2:$R$494,"<2") -> 50 | C25: =COUNTIFS(Trades!$AE$2:$AE$494,1,Trades!$U$2:$U$494,">0",Trades!$R$2:$R$494,">=1",Trades!$R$2:$R$494,"<2") -> 16 | D25: =IF(C25=0,"-",C25/B25) -> 0.32 | E25: =IF(B25=0,"-",SUMIFS(Trades!$V$2:$V$494,Trades!$AE$2:$AE$494,1,Trades!$R$2:$R$494,">=1",Trades!$R$2:$R$494,"<2")/B25) -> 0.51611715 | F25: =SUMIFS(Trades!$U$2:$U$494,Trades!$AE$2:$AE$494,1,Trades!$R$2:$R$494,">=1",Trades!$R$2:$R$494,"<2") -> 2579.08 | G25: =IF(B25=0,"-",SUMIFS(Trades!$T$2:$T$494,Trades!$AE$2:$AE$494,1,Trades!$R$2:$R$494,">=1",Trades!$R$2:$R$494,"<2")/B25) -> 6209.25 | H25: =IF(B25=0,"-",SUMIFS(Trades!$X$2:$X$494,Trades!$AE$2:$AE$494,1,Trades!$R$2:$R$494,">=1",Trades!$R$2:$R$494,"<2")/B25) -> 1.3967848 | I25: =SUMIFS(Trades!$AA$2:$AA$494,Trades!$AE$2:$AE$494,1,Trades!$R$2:$R$494,">=1",Trades!$R$2:$R$494,"<2") -> -12149.18
A26: Fill Rs 2 to 5 | B26: =COUNTIFS(Trades!$AE$2:$AE$494,1,Trades!$R$2:$R$494,">=2",Trades!$R$2:$R$494,"<5") -> 67 | C26: =COUNTIFS(Trades!$AE$2:$AE$494,1,Trades!$U$2:$U$494,">0",Trades!$R$2:$R$494,">=2",Trades!$R$2:$R$494,"<5") -> 23 | D26: =IF(C26=0,"-",C26/B26) -> 0.34328358 | E26: =IF(B26=0,"-",SUMIFS(Trades!$V$2:$V$494,Trades!$AE$2:$AE$494,1,Trades!$R$2:$R$494,">=2",Trades!$R$2:$R$494,"<5")/B26) -> 0.037587163 | F26: =SUMIFS(Trades!$U$2:$U$494,Trades!$AE$2:$AE$494,1,Trades!$R$2:$R$494,">=2",Trades!$R$2:$R$494,"<5") -> -323.46 | G26: =IF(B26=0,"-",SUMIFS(Trades!$T$2:$T$494,Trades!$AE$2:$AE$494,1,Trades!$R$2:$R$494,">=2",Trades!$R$2:$R$494,"<5")/B26) -> 6211.5794 | H26: =IF(B26=0,"-",SUMIFS(Trades!$X$2:$X$494,Trades!$AE$2:$AE$494,1,Trades!$R$2:$R$494,">=2",Trades!$R$2:$R$494,"<5")/B26) -> 1.0702933 | I26: =SUMIFS(Trades!$AA$2:$AA$494,Trades!$AE$2:$AE$494,1,Trades!$R$2:$R$494,">=2",Trades!$R$2:$R$494,"<5") -> -65374.68
A27: Fill Rs 5 and up | B27: =COUNTIFS(Trades!$AE$2:$AE$494,1,Trades!$R$2:$R$494,">=5") -> 367 | C27: =COUNTIFS(Trades!$AE$2:$AE$494,1,Trades!$U$2:$U$494,">0",Trades!$R$2:$R$494,">=5") -> 151 | D27: =IF(C27=0,"-",C27/B27) -> 0.41144414 | E27: =IF(B27=0,"-",SUMIFS(Trades!$V$2:$V$494,Trades!$AE$2:$AE$494,1,Trades!$R$2:$R$494,">=5")/B27) -> 0.059775389 | F27: =SUMIFS(Trades!$U$2:$U$494,Trades!$AE$2:$AE$494,1,Trades!$R$2:$R$494,">=5") -> 126487.07 | G27: =IF(B27=0,"-",SUMIFS(Trades!$T$2:$T$494,Trades!$AE$2:$AE$494,1,Trades!$R$2:$R$494,">=5")/B27) -> 6358.3159 | H27: =IF(B27=0,"-",SUMIFS(Trades!$X$2:$X$494,Trades!$AE$2:$AE$494,1,Trades!$R$2:$R$494,">=5")/B27) -> 0.79180525 | I27: =SUMIFS(Trades!$AA$2:$AA$494,Trades!$AE$2:$AE$494,1,Trades!$R$2:$R$494,">=5") -> -220869.79
A29: How to read it
A30: - "Mean net %" is the average of each trade's return; one big winner can lift it a lot (KALYANKJIL 2025-08-08 made +3,267 %). "Total net Rs" and "Hit rate" show whether most trades made money.
A31: - To see a result without one trade, set its Include cell (Trades sheet, last column) to 0.
A32: - "Day-high %" is hindsight: the best price of the day, which no rule can be sure to sell at. It is not the backtest.
A33: - E2 = the carried-trade rule (stop -20 %, trail 25 %, or T-1), for reference.
A34: - Limits: no order book in daily data. The fill is the open + 1 tick and the exit the close - 1 tick, and for a Rs 1 option one tick is 5 %. Not out of sample (S1 v8 used 2025-26). Pre-registered: strategies/S1_v10_backtest_2025_26.md, addendum 2026-10-19.

Sheet Trades
A1: Symbol | B1: Day 0 | C1: Filed | D1: Side | E1: NP YoY % | F1: NP QoQ % | G1: Rev YoY % | H1: Stock prev close | I1: Expiry | J1: Strike | K1: Strikes walked | L1: Lot | M1: Contracts day 0 | N1: Opt open | O1: Opt high | P1: Opt low | Q1: Opt close | R1: Entry (open+1 tick) | S1: E1 exit (close-1 tick) | T1: Lot cost Rs | U1: E1 net Rs (after costs) | V1: E1 net % | W1: E1 gross % (no costs) | X1: Day-high gross % (hindsight) | Y1: E2 exit date | Z1: E2 reason | AA1: E2 net Rs | AB1: Stock day-0 move vs headline % | AC1: In v10 Rs 2 run | AD1: Fill bucket | AE1: Include (1/0)
A2: TCS | B2: 2025-01-10 | C2: 2025-01-09 | D2: PE | E2: 12.1 | F2: 4.1 | G2: 5.6 | H2: 4038.8 | I2: 2025-01-30 | J2: 4050 | K2: 0 | L2: 175 | M2: 21852 | N2: 45 | O2: 65.45 | P2: 22 | Q2: 25.25 | R2: 45.05 | S2: 25.2 | T2: =R2*L2 -> 7883.75 | U2: -3655.92 | V2: =U2/T2 -> -0.46372856 | W2: =S2/R2-1 -> -0.44062153 | X2: =IF(O2="","",O2/R2-1) -> 0.45283019 | Y2: 2025-01-10 | Z2: stop | AA2: -3655.92 | AB2: -1.563 | AC2: yes | AD2: =IF(R2<1,"under Rs 1",IF(R2<2,"Rs 1-2","Rs 2+")) -> Rs 2+ | AE2: 1
A3: HDFCAMC | B3: 2025-01-15 | C3: 2025-01-14 | D3: PE | E3: 31.4 | F3: 11.2 | G3: 39.2 | H3: 3865 | I3: 2025-01-30 | J3: 3750 | K3: 2 | L3: 150 | M3: 2422 | N3: 50 | O3: 62.25 | P3: 11.7 | Q3: 15.55 | R3: 50.05 | S3: 15.5 | T3: =R3*L3 -> 7507.5 | U3: -5434.21 | V3: =U3/T3 -> -0.7238375 | W3: =S3/R3-1 -> -0.69030969 | X3: =IF(O3="","",O3/R3-1) -> 0.24375624 | Y3: 2025-01-15 | Z3: stop | AA3: -5434.21 | AB3: -3.734 | AC3: yes | AD3: =IF(R3<1,"under Rs 1",IF(R3<2,"Rs 1-2","Rs 2+")) -> Rs 2+ | AE3: 1
A4: OFSS | B4: 2025-01-16 | C4: 2025-01-15 | D4: CE | E4: -26.9 | F4: -6.3 | G4: -5.9 | H4: 10550.95 | I4: 2025-01-30 | J4: 11000 | K4: 2 | L4: 50 | M4: 31671 | N4: 101 | O4: 353.85 | P4: 68.4 | Q4: 89.55 | R4: 101.05 | S4: 89.5 | T4: =R4*L4 -> 5052.5 | U4: -826.12 | V4: =U4/T4 -> -0.16350717 | W4: =S4/R4-1 -> -0.11429985 | X4: =IF(O4="","",O4/R4-1) -> 2.5017318 | Y4: 2025-01-17 | Z4: stop | AA4: -2594 | AB4: 1.899 | AC4: yes | AD4: =IF(R4<1,"under Rs 1",IF(R4<2,"Rs 1-2","Rs 2+")) -> Rs 2+ | AE4: 1
A5: INFY | B5: 2025-01-17 | C5: 2025-01-16 | D5: PE | E5: 11.6 | F5: 4.7 | G5: 7.6 | H5: 1928.4 | I5: 2025-01-30 | J5: 1780 | K5: 7 | L5: 400 | M5: 14993 | N5: 15 | O5: 22.2 | P5: 11.65 | Q5: 19.35 | R5: 15.05 | S5: 19.3 | T5: =R5*L5 -> 6020 | U5: 1497.85 | V5: =U5/T5 -> 0.24881229 | W5: =S5/R5-1 -> 0.28239203 | X5: =IF(O5="","",O5/R5-1) -> 0.47508306 | Y5: 2025-01-22 | Z5: stop | AA5: -4391.1 | AB5: 1.921 | AC5: yes | AD5: =IF(R5<1,"under Rs 1",IF(R5<2,"Rs 1-2","Rs 2+")) -> Rs 2+ | AE5: 1
A6: RELIANCE | B6: 2025-01-17 | C6: 2025-01-16 | D6: PE | E6: 11.7 | F6: 13.5 | G6: 7 | H6: 1266.5 | I6: 2025-01-30 | J6: 1270 | K6: 0 | L6: 500 | M6: 19307 | N6: 10 | O6: 13.7 | P6: 4.05 | Q6: 7.05 | R6: 10.05 | S6: 7 | T6: =R6*L6 -> 5025 | U6: -1666.43 | V6: =U6/T6 -> -0.33162786 | W6: =S6/R6-1 -> -0.30348259 | X6: =IF(O6="","",O6/R6-1) -> 0.36318408 | Y6: 2025-01-17 | Z6: stop | AA6: -1666.43 | AB6: 1.505 | AC6: yes | AD6: =IF(R6<1,"under Rs 1",IF(R6<2,"Rs 1-2","Rs 2+")) -> Rs 2+ | AE6: 1
A7: INDHOTEL | B7: 2025-01-20 | C7: 2025-01-17 | D7: PE | E7: 32.6 | F7: 8.5 | G7: 29 | H7: 813.4 | I7: 2025-01-30 | J7: 780 | K7: 3 | L7: 1000 | M7: 8795 | N7: 6 | O7: 16.3 | P7: 4.05 | Q7: 9.15 | R7: 6.05 | S7: 9.1 | T7: =R7*L7 -> 6050 | U7: 2679.6 | V7: =U7/T7 -> 0.44290909 | W7: =S7/R7-1 -> 0.50413223 | X7: =IF(O7="","",O7/R7-1) -> 1.6942149 | Y7: 2025-01-22 | Z7: trail | AA7: 9966.29 | AB7: 4.071 | AC7: yes | AD7: =IF(R7<1,"under Rs 1",IF(R7<2,"Rs 1-2","Rs 2+")) -> Rs 2+ | AE7: 1
A8: WIPRO | B8: 2025-01-20 | C8: 2025-01-17 | D8: PE | E8: 24.7 | F8: 4.3 | G8: 0.5 | H8: 281.95 | I8: 2025-01-30 | J8: 282.5 | K8: 0 | L8: 3000 | M8: 1382 | N8: 2 | O8: 2.1 | P8: 0.75 | Q8: 0.95 | R8: 2.05 | S8: 0.9 | T8: =R8*L8 -> 6150 | U8: -3593.65 | V8: =U8/T8 -> -0.58433333 | W8: =S8/R8-1 -> -0.56097561 | X8: =IF(O8="","",O8/R8-1) -> 0.024390244 | Y8: 2025-01-20 | Z8: stop | AA8: -3593.65 | AB8: 0.579 | AC8: yes | AD8: =IF(R8<1,"under Rs 1",IF(R8<2,"Rs 1-2","Rs 2+")) -> Rs 2+ | AE8: 1
A9: APLAPOLLO | B9: 2025-01-21 | C9: 2025-01-20 | D9: PE | E9: 31.1 | F9: 303.2 | G9: 30 | H9: 1590 | I9: 2025-01-30 | J9: 1560 | K9: 2 | L9: 350 | M9: 1358 | N9: 20.3 | O9: 28.65 | P9: 7.8 | Q9: 19.9 | R9: 20.35 | S9: 19.85 | T9: =R9*L9 -> 7122.5 | U9: -520.16 | V9: =U9/T9 -> -0.073030537 | W9: =S9/R9-1 -> -0.024570025 | X9: =IF(O9="","",O9/R9-1) -> 0.40786241 | Y9: 2025-01-23 | Z9: stop | AA9: -2471.42 | AB9: 2.068 | AC9: yes | AD9: =IF(R9<1,"under Rs 1",IF(R9<2,"Rs 1-2","Rs 2+")) -> Rs 2+ | AE9: 1
A10: OBEROIRLTY | B10: 2025-01-21 | C10: 2025-01-20 | D10: PE | E10: 71.7 | F10: 4.9 | G10: 33.9 | H10: 2002.85 | I10: 2025-01-30 | J10: 1900 | K10: 5 | L10: 350 | M10: 10785 | N10: 22 | O10: 119.9 | P10: 19.2 | Q10: 89.05 | R10: 22.05 | S10: 89 | T10: =R10*L10 -> 7717.5 | U10: 22544.65 | V10: =U10/T10 -> 2.9212374 | W10: =S10/R10-1 -> 3.0362812 | X10: =IF(O10="","",O10/R10-1) -> 4.4376417 | Y10: 2025-01-23 | Z10: trail | AA10: 26669.7 | AB10: 7.61 | AC10: yes | AD10: =IF(R10<1,"under Rs 1",IF(R10<2,"Rs 1-2","Rs 2+")) -> Rs 2+ | AE10: 1
A11: SUPREMEIND | B11: 2025-01-21 | C11: 2025-01-20 | D11: CE | E11: -27 | F11: -9.5 | G11: 2.5 | H11: 4021.95 | I11: 2025-01-30 | J11: 4200 | K11: 2 | L11: 125 | M11: 1727 | N11: 58 | O11: 61 | P11: 22.2 | Q11: 28.05 | R11: 58.05 | S11: 28 | T11: =R11*L11 -> 7256.25 | U11: -4028.56 | V11: =U11/T11 -> -0.55518484 | W11: =S11/R11-1 -> -0.51765719 | X11: =IF(O11="","",O11/R11-1) -> 0.05081826 | Y11: 2025-01-21 | Z11: stop | AA11: -4028.56 | AB11: -1.052 | AC11: yes | AD11: =IF(R11<1,"under Rs 1",IF(R11<2,"Rs 1-2","Rs 2+")) -> Rs 2+ | AE11: 1
A12: HINDUNILVR | B12: 2025-01-23 | C12: 2025-01-22 | D12: PE | E12: 19.2 | F12: 15.2 | G12: 1.6 | H12: 2342.95 | I12: 2025-01-30 | J12: 2260 | K12: 4 | L12: 300 | M12: 16077 | N12: 23.75 | O12: 33.9 | P12: 4.1 | Q12: 5.2 | R12: 23.8 | S12: 5.15 | T12: =R12*L12 -> 7140 | U12: -5735.24 | V12: =U12/T12 -> -0.8032549 | W12: =S12/R12-1 -> -0.78361345 | X12: =IF(O12="","",O12/R12-1) -> 0.42436975 | Y12: 2025-01-23 | Z12: stop | AA12: -5735.24 | AB12: -0.289 | AC12: yes | AD12: =IF(R12<1,"under Rs 1",IF(R12<2,"Rs 1-2","Rs 2+")) -> Rs 2+ | AE12: 1
A13: PERSISTENT | B13: 2025-01-23 | C13: 2025-01-22 | D13: PE | E13: 30.4 | F13: 14.8 | G13: 22.6 | H13: 5683.15 | I13: 2025-01-30 | J13: 5500 | K13: 2 | L13: 100 | M13: 9115 | N13: 50 | O13: 50 | P13: 5 | Q13: 5.35 | R13: 50.05 | S13: 5.3 | T13: =R13*L13 -> 5005 | U13: -4636.18 | V13: =U13/T13 -> -0.92630969 | W13: =S13/R13-1 -> -0.89410589 | X13: =IF(O13="","",O13/R13-1) -> -0.000999001 | Y13: 2025-01-23 | Z13: stop | AA13: -4636.18 | AB13: -8.596 | AC13: yes | AD13: =IF(R13<1,"under Rs 1",IF(R13<2,"Rs 1-2","Rs 2+")) -> Rs 2+ | AE13: 1
... A186: CGPOWER | B186: 2025-10-30 | C186: 2025-10-29 | D186: PE | E186: 151 | F186: 106.6 | G186: 140.4 | H186: 748.6 | I186: 2025-11-25 | J186: 700 | K186: 5 | L186: 850 | M186: 1151 | N186: 6 | O186: 9.5 | P186: 5.95 | Q186: 7.95 | R186: 6.05 | S186: 7.9 | T186: =R186*L186 -> 5142.5 | U186: 1391.51 | V186: =U186/T186 -> 0.27059018 | W186: =S186/R186-1 -> 0.30578512 | X186: =IF(O186="","",O186/R186-1) -> 0.57024793 | Y186: 2025-11-03 | Z186: stop | AA186: -2051.95 | AB186: 2.56 | AC186: yes | AD186: =IF(R186<1,"under Rs 1",IF(R186<2,"Rs 1-2","Rs 2+")) -> Rs 2+ | AE186: 1
A187: COALINDIA | B187: 2025-10-30 | C187: 2025-10-29 | D187: CE | E187: -32.1 | F187: -51.2 | G187: -1.6 | H187: 382 | I187: 2025-11-25 | J187: 390 | K187: 3 | L187: 1350 | M187: 9250 | N187: 5.55 | O187: 7.65 | P187: 4.4 | Q187: 7.1 | R187: 5.6 | S187: 7.05 | T187: =R187*L187 -> 7560 | U187: 1717.84 | V187: =U187/T187 -> 0.22722751 | W187: =S187/R187-1 -> 0.25892857 | X187: =IF(O187="","",O187/R187-1) -> 0.36607143 | Y187: 2025-11-04 | AB187: 1.24 | AC187: yes | AD187: =IF(R187<1,"under Rs 1",IF(R187<2,"Rs 1-2","Rs 2+")) -> Rs 2+ | AE187: 1
A188: LT | B188: 2025-10-30 | C188: 2025-10-29 | D188: PE | E188: 14.1 | F188: 8.3 | G188: 10.4 | H188: 3957.7 | I188: 2025-11-25 | J188: 3880 | K188: 4 | L188: 175 | M188: 1318 | N188: 44 | O188: 44 | P188: 20.55 | Q188: 32.05 | R188: 44.05 | S188: 32 | T188: =R188*L188 -> 7708.75 | U188: -2303.27 | V188: =U188/T188 -> -0.29878644 | W188: =S188/R188-1 -> -0.27355278 | X188: =IF(O188="","",O188/R188-1) -> -0.0011350738 | Y188: 2025-10-30 | Z188: stop | AA188: -2303.27 | AB188: -0.188 | AC188: yes | AD188: =IF(R188<1,"under Rs 1",IF(R188<2,"Rs 1-2","Rs 2+")) -> Rs 2+ | AE188: 1
A189: POLICYBZR | B189: 2025-10-30 | C189: 2025-10-29 | D189: PE | E189: 164.6 | F189: 59.4 | G189: 38.2 | H189: 1723.4 | I189: 2025-11-25 | J189: 1660 | K189: 3 | L189: 350 | M189: 1145 | N189: 21.2 | O189: 21.9 | P189: 6.4 | Q189: 7 | R189: 21.25 | S189: 6.95 | T189: =R189*L189 -> 7437.5 | U189: -5257.62 | V189: =U189/T189 -> -0.70690689 | W189: =S189/R189-1 -> -0.67294118 | X189: =IF(O189="","",O189/R189-1) -> 0.030588235 | Y189: 2025-10-30 | Z189: stop | AA189: -5257.62 | AB189: -2.421 | AC189: yes | AD189: =IF(R189<1,"under Rs 1",IF(R189<2,"Rs 1-2","Rs 2+")) -> Rs 2+ | AE189: 1
A190: SAIL | B190: 2025-10-30 | C190: 2025-10-29 | D190: CE | E190: -53.3 | F190: -43.8 | G190: 8.2 | H190: 140.55 | I190: 2025-11-25 | J190: 152 | K190: 11 | L190: 4700 | M190: 320 | N190: 1.5 | O190: 1.5 | P190: 0.7 | Q190: 0.95 | R190: 1.55 | S190: 0.9 | T190: =R190*L190 -> 7285 | U190: -3343.9 | V190: =U190/T190 -> -0.45901167 | W190: =S190/R190-1 -> -0.41935484 | X190: =IF(O190="","",O190/R190-1) -> -0.032258065 | Y190: 2025-10-30 | Z190: stop | AA190: -3343.9 | AB190: -1.19 | AC190: no | AD190: =IF(R190<1,"under Rs 1",IF(R190<2,"Rs 1-2","Rs 2+")) -> Rs 1-2 | AE190: 1
A191: BANDHANBNK | B191: 2025-10-31 | C191: 2025-10-30 | D191: CE | E191: -88.1 | F191: -69.9 | G191: -2.7 | H191: 170.6 | I191: 2025-11-25 | J191: 172.5 | K191: 1 | L191: 3600 | M191: 2020 | N191: 2.15 | O191: 2.45 | P191: 1 | Q191: 1.05 | R191: 2.2 | S191: 1 | T191: =R191*L191 -> 7920 | U191: -4723.28 | V191: =U191/T191 -> -0.59637374 | W191: =S191/R191-1 -> -0.54545455 | X191: =IF(O191="","",O191/R191-1) -> 0.11363636 | Y191: 2025-10-31 | Z191: stop | AA191: -4723.28 | AB191: -4.595 | AC191: yes | AD191: =IF(R191<1,"under Rs 1",IF(R191<2,"Rs 1-2","Rs 2+")) -> Rs 2+ | AE191: 1
A192: CANBK | B192: 2025-10-31 | C192: 2025-10-30 | D192: PE | E192: 15.8 | F192: 51.8 | G192: 6.3 | H192: 132.9 | I192: 2025-11-25 | J192: 124 | K192: 9 | L192: 6750 | M192: 284 | N192: 1.05 | O192: 1.05 | P192: 0.45 | Q192: 0.55 | R192: 1.1 | S192: 0.5 | T192: =R192*L192 -> 7425 | U192: -4323.03 | V192: =U192/T192 -> -0.58222626 | W192: =S192/R192-1 -> -0.54545455 | X192: =IF(O192="","",O192/R192-1) -> -0.045454545 | Y192: 2025-10-31 | Z192: stop | AA192: -4323.03 | AB192: -4.262 | AC192: no | AD192: =IF(R192<1,"under Rs 1",IF(R192<2,"Rs 1-2","Rs 2+")) -> Rs 1-2 | AE192: 1
A193: IEX | B193: 2025-10-31 | C193: 2025-10-30 | D193: PE | E193: 13.9 | F193: 2.2 | G193: 10.4 | H193: 143.55 | I193: 2025-11-25 | J193: 135 | K193: 3 | L193: 3750 | M193: 889 | N193: 1.9 | O193: 2.6 | P193: 1.45 | Q193: 2.5 | R193: 1.95 | S193: 2.45 | T193: =R193*L193 -> 7312.5 | U193: 1311.86 | V193: =U193/T193 -> 0.17939966 | W193: =S193/R193-1 -> 0.25641026 | X193: =IF(O193="","",O193/R193-1) -> 0.33333333 | Y193: 2025-11-07 | Z193: trail | AA193: -1193.04 | AB193: 4.747 | AC193: no | AD193: =IF(R193<1,"under Rs 1",IF(R193<2,"Rs 1-2","Rs 2+")) -> Rs 1-2 | AE193: 1
A194: LODHA | B194: 2025-10-31 | C194: 2025-10-30 | D194: PE | E194: 86.7 | F194: 17 | G194: 44.7 | H194: 1171.4 | I194: 2025-11-25 | J194: 1140 | K194: 2 | L194: 450 | M194: 1247 | N194: 16.45 | O194: 17.9 | P194: 9.8 | Q194: 14.3 | R194: 16.5 | S194: 14.25 | T194: =R194*L194 -> 7425 | U194: -1213.74 | V194: =U194/T194 -> -0.16346667 | W194: =S194/R194-1 -> -0.13636364 | X194: =IF(O194="","",O194/R194-1) -> 0.084848485 | Y194: 2025-11-03 | Z194: stop | AA194: -5082.08 | AB194: 0.092 | AC194: yes | AD194: =IF(R194<1,"under Rs 1",IF(R194<2,"Rs 1-2","Rs 2+")) -> Rs 2+ | AE194: 1
A195: MPHASIS | B195: 2025-10-31 | C195: 2025-10-31 | D195: PE | E195: 10.8 | F195: 6.2 | G195: 10.3 | H195: 2893.7 | I195: 2025-11-25 | J195: 2700 | K195: 4 | L195: 275 | M195: 2371 | N195: 23.75 | O195: 54.15 | P195: 18.5 | Q195: 48.35 | R195: 23.8 | S195: 48.3 | T195: =R195*L195 -> 6545 | U195: 6265.29 | V195: =U195/T195 -> 0.95726356 | W195: =S195/R195-1 -> 1.0294118 | X195: =IF(O195="","",O195/R195-1) -> 1.2752101 | Y195: 2025-11-10 | Z195: trail | AA195: 1867.59 | AB195: 6.292 | AC195: yes | AD195: =IF(R195<1,"under Rs 1",IF(R195<2,"Rs 1-2","Rs 2+")) -> Rs 2+ | AE195: 1
A196: UNITDSPR | B196: 2025-10-31 | C196: 2025-10-30 | D196: PE | E196: 36.1 | F196: 11.3 | G196: 7.9 | H196: 1394.45 | I196: 2025-11-25 | J196: 1380 | K196: 1 | L196: 400 | M196: 1697 | N196: 14.85 | O196: 14.85 | P196: 4.8 | Q196: 13 | R196: 14.9 | S196: 12.95 | T196: =R196*L196 -> 5960 | U196: -951.24 | V196: =U196/T196 -> -0.15960403 | W196: =S196/R196-1 -> -0.13087248 | X196: =IF(O196="","",O196/R196-1) -> -0.0033557047 | Y196: 2025-11-03 | Z196: stop | AA196: -3243.58 | AB196: 1.622 | AC196: yes | AD196: =IF(R196<1,"under Rs 1",IF(R196<2,"Rs 1-2","Rs 2+")) -> Rs 2+ | AE196: 1
A197: BEL | B197: 2025-11-03 | C197: 2025-10-31 | D197: PE | E197: 17.8 | F197: 32.8 | G197: 25.8 | H197: 426.1 | I197: 2025-11-25 | J197: 415 | K197: 2 | L197: 1425 | M197: 8551 | N197: 5.05 | O197: 9.1 | P197: 4.05 | Q197: 6.45 | R197: 5.1 | S197: 6.4 | T197: =R197*L197 -> 7267.5 | U197: 1620.64 | V197: =U197/T197 -> 0.22299828 | W197: =S197/R197-1 -> 0.25490196 | X197: =IF(O197="","",O197/R197-1) -> 0.78431373 | Y197: 2025-11-07 | Z197: trail | AA197: 4295.86 | AB197: 1.332 | AC197: yes | AD197: =IF(R197<1,"under Rs 1",IF(R197<2,"Rs 1-2","Rs 2+")) -> Rs 2+ | AE197: 1
A198: GAIL | B198: 2025-11-03 | C198: 2025-10-31 | D198: CE | E198: -26.1 | F198: -16.5 | G198: 4.9 | H198: 182.75 | I198: 2025-11-25 | J198: 190 | K198: 3 | L198: 3150 | M198: 5329 | N198: 2.16 | O198: 2.45 | P198: 1.15 | Q198: 2.3 | R198: 2.21 | S198: 2.25 | T198: =R198*L198 -> 6961.5 | U198: -78.44 | V198: =U198/T198 -> -0.011267687 | W198: =S198/R198-1 -> 0.018099548 | X198: =IF(O198="","",O198/R198-1) -> 0.10859729 | Y198: 2025-11-04 | Z198: stop | AA198: -2257.14 | AB198: 0.685 | AC198: yes | AD198: =IF(R198<1,"under Rs 1",IF(R198<2,"Rs 1-2","Rs 2+")) -> Rs 2+ | AE198: 1
A199: PATANJALI | B199: 2025-11-03 | C199: 2025-10-31 | D199: PE | E199: 67.4 | F199: 186.5 | G199: 20.2 | H199: 602.4 | I199: 2025-11-25 | J199: 580 | K199: 4 | L199: 900 | M199: 4572 | N199: 6.85 | O199: 23.1 | P199: 6 | Q199: 15.55 | R199: 6.9 | S199: 15.5 | T199: =R199*L199 -> 6210 | U199: 7260 | V199: =U199/T199 -> 1.1690821 | W199: =S199/R199-1 -> 1.2463768 | X199: =IF(O199="","",O199/R199-1) -> 2.3478261 | Y199: 2025-11-10 | Z199: trail | AA199: 3826.94 | AB199: 4.745 | AC199: yes | AD199: =IF(R199<1,"under Rs 1",IF(R199<2,"Rs 1-2","Rs 2+")) -> Rs 2+ | AE199: 1
... A494: VOLTAS | B494: 2026-08-17 | C494: 2026-08-14 | D494: PE | E494: 51.3 | F494: 87.6 | G494: 18.7 | H494: 1320.71 | I494: 2026-08-25 | J494: 1300 | K494: 1 | L494: 375 | M494: 14348 | N494: 21.05 | O494: 49.3 | P494: 11.45 | Q494: 47.95 | R494: 21.1 | S494: 47.9 | T494: =R494*L494 -> 7912.5 | U494: 9447.24 | V494: =U494/T494 -> 1.193964 | W494: =S494/R494-1 -> 1.2701422 | X494: =IF(O494="","",O494/R494-1) -> 1.3364929 | Y494: 2026-08-24 | Z494: t_minus_1 | AA494: 15829.21 | AB494: 4.665 | AC494: yes | AD494: =IF(R494<1,"under Rs 1",IF(R494<2,"Rs 1-2","Rs 2+")) -> Rs 2+ | AE494: 1

Sheet Added under Rs 2
A1: The trades a floor below Rs 2 adds, worst to best (values; the Trades sheet has the same rows).
A2: Symbol | B2: Day 0 | C2: Side | D2: Strike | E2: Lot | F2: Opt open | G2: Opt high | H2: Opt low | I2: Opt close | J2: Entry | K2: E1 exit | L2: E1 net Rs | M2: E1 net % | N2: Stock move vs headline %
A3: YESBANK | B3: 2025-01-27 | C3: PE | D3: 17 | E3: 26000 | F3: 0.1 | G3: 0.2 | H3: 0.05 | I3: 0.05 | J3: 0.15 | K3: 0 | L3: -4003.36 | M3: -102.65 | N3: 0.751
A4: IEX | B4: 2026-07-24 | C4: PE | D4: 120 | E4: 4350 | F4: 1.52 | G4: 2 | H4: 0.2 | I4: 0.21 | J4: 1.57 | K4: 0.16 | L4: -6410.88 | M4: -93.87 | N4: -3.12
A5: BANKINDIA | B5: 2025-01-27 | C5: PE | D5: 98 | E5: 4825 | F5: 1.25 | G5: 1.25 | H5: 0.2 | I5: 0.3 | J5: 1.3 | K5: 0.25 | L5: -5268.18 | M5: -83.989 | N5: -4.29
A6: MOTHERSON | B6: 2026-05-21 | C6: PE | D6: 130 | E6: 6150 | F6: 1.06 | G6: 1.29 | H6: 0.25 | I6: 0.28 | J6: 1.11 | K6: 0.23 | L6: -5547.4 | M6: -81.263 | N6: -0.72
A7: PNB | B7: 2026-07-20 | C7: PE | D7: 104 | E7: 8000 | F7: 0.82 | G7: 0.83 | H7: 0.26 | I7: 0.28 | J7: 0.87 | K7: 0.23 | L7: -5261.87 | M7: -75.602 | N7: -3.233
A8: NBCC | B8: 2025-11-14 | C8: PE | D8: 105 | E8: 6500 | F8: 1.02 | G8: 1.46 | H8: 0.3 | I8: 0.38 | J8: 1.07 | K8: 0.33 | L8: -5137.46 | M8: -73.867 | N8: -3.764
A9: NHPC | B9: 2026-05-18 | C9: PE | D9: 75 | E9: 6400 | F9: 1.15 | G9: 1.34 | H9: 0.42 | I9: 0.45 | J9: 1.2 | K9: 0.4 | L9: -5380.37 | M9: -70.057 | N9: -1.238
A10: NYKAA | B10: 2026-02-06 | C10: PE | D10: 242.5 | E10: 3125 | F10: 1.76 | G10: 2.05 | H10: 0.63 | I10: 0.67 | J10: 1.81 | K10: 0.62 | L10: -3924.09 | M10: -69.376 | N10: -4.603
A11: IRFC | B11: 2025-07-23 | C11: PE | D11: 127.5 | E11: 4250 | F11: 1.3 | G11: 1.3 | H11: 0.4 | I11: 0.5 | J11: 1.35 | K11: 0.45 | L11: -3954.96 | M11: -68.932 | N11: -0.853
A12: DELHIVERY | B12: 2025-11-06 | C12: CE | D12: 515 | E12: 2075 | F12: 1.8 | G12: 1.85 | H12: 0.65 | I12: 0.75 | J12: 1.85 | K12: 0.7 | L12: -2596.71 | M12: -67.645 | N12: -5.83
A13: INOXWIND | B13: 2026-08-10 | C13: CE | D13: 82.5 | E13: 6400 | F13: 1 | G13: 1.16 | H13: 0.4 | I13: 0.45 | J13: 1.05 | K13: 0.4 | L13: -4493.54 | M13: -66.868 | N13: -2.636
A14: FEDERALBNK | B14: 2026-01-19 | C14: PE | D14: 257.5 | E14: 5000 | F14: 1 | G14: 1 | H14: 0.4 | I14: 0.45 | J14: 1.05 | K14: 0.4 | L14: -3448.42 | M14: -65.684 | N14: -3.039
... A61: KALYANKJIL | B61: 2025-08-08 | C61: PE | D61: 560 | E61: 1175 | F61: 1.2 | G61: 50.2 | H61: 1.2 | I61: 43.15 | J61: 1.25 | K61: 43.1 | L61: 47986.43 | M61: 3267.161 | N61: 14.13
