Workbook

Sheet Summary
A1: Market | B1: Pod | C1: Idea | D1: Trades | E1: Won | F1: Win rate | G1: Mean net % of premium | H1: Median | I1: t (mean ÷ s.e.) | J1: Total net (₹) | K1: Gate verdict (from the report) | L1: Trades sheet
A2: NIFTY | B2: E1 | C2: Event straddle | D2: =COUNT('NIFTY E1'!J2:J32) -> 31 | E2: =COUNTIF('NIFTY E1'!I2:I32,">0") -> 8 | F2: =IF(D2>0,E2/D2,0) -> 0.25806452 | G2: =IF(D2>0,AVERAGE('NIFTY E1'!J2:J32),0) -> -0.061496774 | H2: =IF(D2>0,MEDIAN('NIFTY E1'!J2:J32),0) -> -0.0894 | I2: =IF(D2>1,AVERAGE('NIFTY E1'!J2:J32)/(STDEV('NIFTY E1'!J2:J32)/SQRT(D2)),0) -> -1.5507819 | J2: =SUM('NIFTY E1'!I2:I32) -> -22868.04 | K2: FAIL | L2: NIFTY E1
A3: NIFTY | B3: Q1 | C3: Squeeze straddle | D3: =COUNT('NIFTY Q1'!I2:I35) -> 34 | E3: =COUNTIF('NIFTY Q1'!H2:H35,">0") -> 11 | F3: =IF(D3>0,E3/D3,0) -> 0.32352941 | G3: =IF(D3>0,AVERAGE('NIFTY Q1'!I2:I35),0) -> -0.025941176 | H3: =IF(D3>0,MEDIAN('NIFTY Q1'!I2:I35),0) -> -0.1569 | I3: =IF(D3>1,AVERAGE('NIFTY Q1'!I2:I35)/(STDEV('NIFTY Q1'!I2:I35)/SQRT(D3)),0) -> -0.41663478 | J3: =SUM('NIFTY Q1'!H2:H35) -> -33464.03 | K3: FAIL | L3: NIFTY Q1
A4: NIFTY | B4: B1 | C4: Breakout + volume | D4: =COUNT('NIFTY B1'!K2:K489) -> 488 | E4: =COUNTIF('NIFTY B1'!J2:J489,">0") -> 146 | F4: =IF(D4>0,E4/D4,0) -> 0.29918033 | G4: =IF(D4>0,AVERAGE('NIFTY B1'!K2:K489),0) -> -0.025429303 | H4: =IF(D4>0,MEDIAN('NIFTY B1'!K2:K489),0) -> -0.1516 | I4: =IF(D4>1,AVERAGE('NIFTY B1'!K2:K489)/(STDEV('NIFTY B1'!K2:K489)/SQRT(D4)),0) -> -1.6551575 | J4: =SUM('NIFTY B1'!J2:J489) -> -143990.71 | K4: FAIL | L4: NIFTY B1
A5: NIFTY | B5: G1 | C5: Gap follow-through | D5: =COUNT('NIFTY G1'!K2:K34) -> 33 | E5: =COUNTIF('NIFTY G1'!J2:J34,">0") -> 8 | F5: =IF(D5>0,E5/D5,0) -> 0.24242424 | G5: =IF(D5>0,AVERAGE('NIFTY G1'!K2:K34),0) -> -0.04280303 | H5: =IF(D5>0,MEDIAN('NIFTY G1'!K2:K34),0) -> -0.1839 | I5: =IF(D5>1,AVERAGE('NIFTY G1'!K2:K34)/(STDEV('NIFTY G1'!K2:K34)/SQRT(D5)),0) -> -0.53605956 | J5: =SUM('NIFTY G1'!J2:J34) -> -13724.87 | K5: FAIL | L5: NIFTY G1
A6: SENSEX | B6: E1 | C6: Event straddle | D6: =COUNT('SENSEX E1'!J2:J32) -> 31 | E6: =COUNTIF('SENSEX E1'!I2:I32,">0") -> 5 | F6: =IF(D6>0,E6/D6,0) -> 0.16129032 | G6: =IF(D6>0,AVERAGE('SENSEX E1'!J2:J32),0) -> -0.028080645 | H6: =IF(D6>0,MEDIAN('SENSEX E1'!J2:J32),0) -> -0.0661 | I6: =IF(D6>1,AVERAGE('SENSEX E1'!J2:J32)/(STDEV('SENSEX E1'!J2:J32)/SQRT(D6)),0) -> -0.58398374 | J6: =SUM('SENSEX E1'!I2:I32) -> -10074.1 | K6: FAIL | L6: SENSEX E1
A7: SENSEX | B7: Q1 | C7: Squeeze straddle | D7: =COUNT('SENSEX Q1'!I2:I32) -> 31 | E7: =COUNTIF('SENSEX Q1'!H2:H32,">0") -> 8 | F7: =IF(D7>0,E7/D7,0) -> 0.25806452 | G7: =IF(D7>0,AVERAGE('SENSEX Q1'!I2:I32),0) -> -0.083796774 | H7: =IF(D7>0,MEDIAN('SENSEX Q1'!I2:I32),0) -> -0.1289 | I7: =IF(D7>1,AVERAGE('SENSEX Q1'!I2:I32)/(STDEV('SENSEX Q1'!I2:I32)/SQRT(D7)),0) -> -1.7093088 | J7: =SUM('SENSEX Q1'!H2:H32) -> -47214.7 | K7: FAIL | L7: SENSEX Q1
A8: SENSEX | B8: B1 | C8: Breakout + volume | D8: =COUNT('SENSEX B1'!K2:K487) -> 486 | E8: =COUNTIF('SENSEX B1'!J2:J487,">0") -> 147 | F8: =IF(D8>0,E8/D8,0) -> 0.30246914 | G8: =IF(D8>0,AVERAGE('SENSEX B1'!K2:K487),0) -> -0.034027366 | H8: =IF(D8>0,MEDIAN('SENSEX B1'!K2:K487),0) -> -0.1494 | I8: =IF(D8>1,AVERAGE('SENSEX B1'!K2:K487)/(STDEV('SENSEX B1'!K2:K487)/SQRT(D8)),0) -> -2.3966089 | J8: =SUM('SENSEX B1'!J2:J487) -> -197786.3 | K8: FAIL | L8: SENSEX B1
A9: SENSEX | B9: G1 | C9: Gap follow-through | D9: =COUNT('SENSEX G1'!K2:K36) -> 35 | E9: =COUNTIF('SENSEX G1'!J2:J36,">0") -> 12 | F9: =IF(D9>0,E9/D9,0) -> 0.34285714 | G9: =IF(D9>0,AVERAGE('SENSEX G1'!K2:K36),0) -> -0.023468571 | H9: =IF(D9>0,MEDIAN('SENSEX G1'!K2:K36),0) -> -0.1539 | I9: =IF(D9>1,AVERAGE('SENSEX G1'!K2:K36)/(STDEV('SENSEX G1'!K2:K36)/SQRT(D9)),0) -> -0.45425454 | J9: =SUM('SENSEX G1'!J2:J36) -> -12427.66 | K9: FAIL | L9: SENSEX G1
A11: Notes
A12: Window 2024-10-01 → 2026-10-28. NIFTY = the data-fix re-run (spot store 62a23257); SENSEX = R2, lot fixed at 20.
A13: % = net result after costs, as a share of the premium paid. Gate: ≥ 30 trades, mean > 0 also at 2× costs, t ≥ 2,
A14: both halves positive, worst trade smaller than the average month, neighbours positive (S3 rules, DECISIONS.md).
A15: Rules pre-registered: strategies/S3_E1/Q1/B1/G1 pages and strategies/S3_buy_followups_2026-10-30.md.

Sheet NIFTY E1
A1: Day | B1: Exit day | C1: Exit time | D1: Exit reason | E1: Event type | F1: Legs (buy strike@in>out) | G1: Lot | H1: Premium paid (₹) | I1: Net P&L (₹) | J1: Net % of premium | K1: Worst while held
A2: 2024-10-08 | B2: 2024-10-09 | C2: 14:45 | D2: time | E2: RBI | F2: B24950CE@124.07>111.44;B24950PE@146.78>69.05 | G2: 25 | H2: 6771.19 | I2: -2364.96 | J2: -0.3493 | K2: -0.33
A3: 2024-11-05 | B3: 2024-11-06 | C3: 14:45 | D3: time | E3: US election | F3: B24200CE@152.11>268.00;B24200PE@171.70>13.93 | G3: 25 | H3: 8095.27 | I3: -1158.51 | J3: -0.1431 | K3: -0.291
A4: 2024-11-07 | B4: 2024-11-08 | C4: 14:45 | D4: time | E4: FOMC | F4: B24200CE@188.84>131.09;B24200PE@164.72>152.88 | G4: 25 | H4: 8838.97 | I4: -1851.64 | J4: -0.2095 | K4: -0.193
A5: 2024-12-05 | B5: 2024-12-06 | C5: 14:45 | D5: time | E5: RBI | F5: B24800CE@227.73>140.05;B24800PE@228.49>236.31 | G5: 25 | H5: 11405.49 | I5: -2114.13 | J5: -0.1854 | K5: -0.173
A6: 2025-01-29 | B6: 2025-01-30 | C6: 14:45 | D6: time | E6: FOMC | F6: B23150CE@359.14>396.96;B23150PE@324.31>255.96 | G6: 75 | H6: 51258.77 | I6: -2501.38 | J6: -0.0488 | K6: -0.047
A7: 2025-01-31 | B7: 2025-02-01 | C7: 14:45 | D7: time | E7: Budget | F7: B23500CE@283.61>154.57;B23500PE@231.35>154.37 | G7: 75 | H7: 38622.15 | I7: -15607.37 | J7: -0.4041 | K7: -0.398
A8: 2025-02-06 | B8: 2025-02-07 | C8: 14:45 | D8: time | E8: RBI | F8: B23550CE@241.05>125.62;B23550PE@154.02>189.85 | G8: 75 | H8: 29629.91 | I8: -6123.23 | J8: -0.2067 | K8: -0.229
A9: 2025-03-19 | B9: 2025-03-20 | C9: 14:45 | D9: time | E9: FOMC | F9: B22950CE@176.63>310.29;B22950PE@153.66>49.70 | G9: 75 | H9: 24771.99 | I9: 2069.93 | J9: 0.0836 | K9: -0.048
A10: 2025-04-08 | B10: 2025-04-09 | C10: 14:45 | D10: time | E10: RBI | F10: B22600CE@351.15>200.44;B22600PE@304.77>364.57 | G10: 75 | H10: 49193.49 | I10: -7015.63 | J10: -0.1426 | K10: -0.165
A11: 2025-05-07 | B11: 2025-05-08 | C11: 14:45 | D11: time | E11: FOMC | F11: B24400CE@223.01>194.67;B24400PE@232.41>283.43 | G11: 75 | H11: 34156.18 | I11: 1522.49 | J11: 0.0446 | K11: -0.155
A12: 2025-06-05 | B12: 2025-06-06 | C12: 14:45 | D12: time | E12: RBI | F12: B24750CE@222.05>336.31;B24750PE@161.50>71.74 | G12: 75 | H12: 28766.87 | I12: 1670.7 | J12: 0.0581 | K12: -0.111
A13: 2025-06-18 | B13: 2025-06-19 | C13: 14:45 | D13: time | E13: FOMC | F13: B24800CE@219.44>203.43;B24800PE@193.56>174.82 | G13: 75 | H13: 30975.36 | I13: -2769.51 | J13: -0.0894 | K13: -0.113
... A32: 2026-10-06 | B32: 2026-10-07 | C32: 14:45 | D32: time | E32: RBI | F32: B22700CE@175.57>103.28;B22700PE@142.66>170.29 | G32: 65 | H32: 20685.16 | I32: -3040.62 | J32: -0.147 | K32: -0.136

Sheet NIFTY Q1
A1: Day | B1: Exit day | C1: Exit time | D1: Exit reason | E1: Legs (buy strike@in>out) | F1: Lot | G1: Premium paid (₹) | H1: Net P&L (₹) | I1: Net % of premium | J1: Worst while held
A2: 2024-10-17 | B2: 2024-10-22 | C2: 14:45 | D2: time | E2: B24750CE@184.92>40.99;B24750PE@139.44>233.82 | F2: 25 | G2: 8109.09 | H2: -1349.86 | I2: -0.1665 | J2: -0.336
A3: 2024-12-13 | B3: 2024-12-18 | C3: 14:45 | D3: time | E3: B24750CE@142.21>12.84;B24750PE@161.91>560.97 | F3: 25 | G3: 7602.82 | H3: 6616.98 | I3: 0.8703 | J3: -0.079
A4: 2025-02-25 | B4: 2025-03-03 | C4: 14:45 | D4: time | E4: B22600CE@194.97>9.25;B22600PE@138.19>441.98 | F4: 75 | G4: 24986.81 | H4: 8684.99 | I4: 0.3476 | J4: -0.17
A5: 2025-06-11 | B5: 2025-06-16 | C5: 14:45 | D5: time | E5: B25150CE@197.38>54.23;B25150PE@167.94>254.32 | F5: 75 | G5: 27398.81 | H5: -4408.78 | I5: -0.1609 | J5: -0.175
A6: 2025-07-02 | B6: 2025-07-07 | C6: 14:45 | D6: time | E6: B25400CE@203.71>139.30;B25400PE@152.76>93.58 | F6: 75 | G6: 26735.51 | H6: -9409.51 | I6: -0.3519 | J6: -0.354
A7: 2025-07-08 | B7: 2025-07-11 | C7: 14:45 | D7: time | E7: B25450CE@200.50>40.80;B25450PE@147.23>282.13 | F7: 75 | G7: 26079.75 | H7: -2012.87 | I7: -0.0772 | J7: -0.236
A8: 2025-07-14 | B8: 2025-07-17 | C8: 14:45 | D8: time | E8: B25050CE@216.83>201.98;B25050PE@153.92>83.78 | F8: 75 | G8: 27805.84 | H8: -6521.63 | I8: -0.2345 | J8: -0.23
A9: 2025-07-18 | B9: 2025-07-23 | C9: 14:45 | D9: time | E9: B24950CE@154.87>268.20;B24950PE@101.96>5.27 | F9: 75 | G9: 19262.08 | H9: 1106.13 | I9: 0.0574 | J9: -0.306
A10: 2025-07-24 | B10: 2025-07-29 | C10: 14:45 | D10: time | E10: B25100CE@128.24>14.78;B25100PE@122.16>313.08 | F10: 75 | G10: 18779.68 | H10: 5659.18 | I10: 0.3013 | J10: -0.026
A11: 2025-08-19 | B11: 2025-08-22 | C11: 14:45 | D11: time | E11: B24950CE@190.65>91.69;B24950PE@121.45>134.37 | F11: 75 | G11: 23407.71 | H11: -6590.42 | I11: -0.2815 | J11: -0.298
A12: 2025-08-25 | B12: 2025-08-29 | C12: 14:45 | D12: time | E12: B24950CE@168.39>4.78;B24950PE@106.13>466.65 | F12: 75 | G12: 20588.68 | H12: 14597.06 | I12: 0.709 | J12: -0.094
A13: 2025-09-02 | B13: 2025-09-05 | C13: 14:45 | D13: time | E13: B24600CE@160.75>185.32;B24600PE@108.54>33.18 | F13: 75 | G13: 20196.73 | H13: -3944.02 | I13: -0.1953 | J13: -0.315
... A35: 2026-09-10 | B35: 2026-09-16 | C35: 14:45 | D35: time | E35: B23400CE@221.85>84.97;B23400PE@141.25>236.81 | F35: 65 | G35: 23601.92 | H35: -2831.22 | I35: -0.12 | J35: -0.141

Sheet NIFTY B1
A1: Day | B1: Exit day | C1: Exit time | D1: Exit reason | E1: Side | F1: Signal | G1: Legs (buy strike@in>out) | H1: Lot | I1: Premium paid (₹) | J1: Net P&L (₹) | K1: Net % of premium | L1: Worst while held
A2: 2024-10-01 | B2: 2024-10-01 | C2: 10:59 | D2: trail | E2: PE | F2: 10:30 | G2: B25800PE@103.21>90.74 | H2: 25 | I2: 2580.34 | J2: -364.47 | K2: -0.1412 | L2: -0.116
A3: 2024-10-03 | B3: 2024-10-03 | C3: 10:10 | D3: trail | E3: CE | F3: 09:33 | G3: B25650CE@185.67>147.76 | H3: 25 | I3: 4641.84 | J3: -1004.29 | K3: -0.2164 | L3: -0.2
A4: 2024-10-04 | B4: 2024-10-04 | C4: 09:50 | D4: stop | E4: PE | F4: 09:31 | G4: B25100PE@162.36>108.31 | H4: 25 | I4: 4058.94 | J4: -1405.51 | K4: -0.3463 | L4: -0.33
A5: 2024-10-07 | B5: 2024-10-07 | C5: 11:16 | D5: trail | E5: PE | F5: 09:31 | G5: B25050PE@156.13>228.55 | H5: 25 | I5: 3903.17 | J5: 1750.68 | K5: 0.4485 | L5: -0.149
A6: 2024-10-08 | B6: 2024-10-08 | C6: 10:10 | D6: trail | E6: CE | F6: 09:49 | G6: B24900CE@175.27>136.01 | H6: 25 | I6: 4381.8 | J6: -1037.34 | K6: -0.2367 | L6: -0.22
A7: 2024-10-09 | B7: 2024-10-09 | C7: 10:28 | D7: trail | E7: CE | F7: 09:46 | G7: B25100CE@116.73>120.39 | H7: 25 | I7: 2918.27 | J7: 37.32 | K7: 0.0128 | L7: -0.237
A8: 2024-10-10 | B8: 2024-10-10 | C8: 10:05 | D8: stop | E8: PE | F8: 09:51 | G8: B25000PE@164.12>110.00 | H8: 25 | I8: 4102.91 | J8: -1407.3 | K8: -0.343 | L8: -0.326
A9: 2024-10-11 | B9: 2024-10-11 | C9: 13:18 | D9: trail | E9: PE | F9: 11:26 | G9: B24950PE@168.69>126.22 | H9: 25 | I9: 4217.23 | J9: -1116.99 | K9: -0.2649 | L9: -0.248
A10: 2024-10-14 | B10: 2024-10-14 | C10: 15:15 | D10: time | E10: CE | F10: 09:44 | G10: B25100CE@139.89>129.54 | H10: 25 | I10: 3497.15 | J10: -313.59 | K10: -0.0897 | L10: -0.14
A11: 2024-10-15 | B11: 2024-10-15 | C11: 10:42 | D11: trail | E11: PE | F11: 09:45 | G11: B25150PE@104.52>148.16 | H11: 25 | I11: 2613 | J11: 1035.39 | K11: 0.3962 | L11: -0.004
A12: 2024-10-16 | B12: 2024-10-16 | C12: 10:30 | D12: trail | E12: CE | F12: 09:31 | G12: B25050CE@88.24>82.19 | H12: 25 | I12: 2205.97 | J12: -203.43 | K12: -0.0922 | L12: -0.064
A13: 2024-10-17 | B13: 2024-10-17 | C13: 15:15 | D13: time | E13: PE | F13: 09:35 | G13: B24900PE@152.61>195.13 | H13: 25 | I13: 3815.23 | J13: 1004.72 | K13: 0.2633 | L13: 0
... A489: 2026-10-23 | B489: 2026-10-23 | C489: 13:38 | D489: trail | E489: PE | F489: 09:33 | G489: B22700PE@141.91>221.84 | H489: 65 | I489: 9223.89 | J489: 5116.36 | K489: 0.5547 | L489: -0.152

Sheet NIFTY G1
A1: Day | B1: Exit day | C1: Exit time | D1: Exit reason | E1: Side | F1: Gap pct | G1: Legs (buy strike@in>out) | H1: Lot | I1: Premium paid (₹) | J1: Net P&L (₹) | K1: Net % of premium | L1: Worst while held
A2: 2024-11-25 | B2: 2024-11-25 | C2: 10:14 | D2: stop | E2: CE | F2: 1.45 | G2: B24300CE@185.17>137.71 | H2: 25 | I2: 4629.28 | J2: -1242.46 | K2: -0.2684 | L2: -0.253
A3: 2025-02-04 | B3: 2025-02-04 | C3: 10:39 | D3: trail | E3: CE | F3: 0.64 | G3: B23500CE@121.66>129.54 | H3: 75 | I3: 9124.14 | J3: 521.33 | K3: 0.0571 | L3: -0.008
A4: 2025-03-20 | B4: 2025-03-20 | C4: 15:15 | D4: time | E4: CE | F4: 0.55 | G4: B23050CE@177.88>222.70 | H4: 75 | I4: 13341.38 | J4: 3275.88 | K4: 0.2455 | L4: -0.233
A5: 2025-04-08 | B5: 2025-04-08 | C5: 09:50 | D5: stop | E5: CE | F5: 0.92 | G5: B22550CE@156.43>116.51 | H5: 75 | I5: 11732.12 | J5: -3062.79 | K5: -0.2611 | L5: -0.251
A6: 2025-04-11 | B6: 2025-04-11 | C6: 10:36 | D6: trail | E6: CE | F6: 1.23 | G6: B22800CE@241.35>231.09 | H6: 75 | I6: 18101.31 | J6: -858.29 | K6: -0.0474 | L6: -0.038
A7: 2025-05-12 | B7: 2025-05-12 | C7: 15:15 | D7: time | E7: CE | F7: 1.6 | G7: B24600CE@132.46>443.12 | H7: 75 | I7: 9934.43 | J7: 23184.38 | K7: 2.3337 | L7: 0
A8: 2025-06-23 | B8: 2025-06-23 | C8: 10:42 | D8: trail | E8: PE | F8: -0.56 | G8: B24900PE@140.10>132.98 | H8: 75 | I8: 10507.27 | J8: -604.72 | K8: -0.0576 | L8: -0.046
A9: 2025-06-24 | B9: 2025-06-24 | C9: 09:48 | D9: trail | E9: CE | F9: 0.88 | G9: B25200CE@124.62>94.48 | H9: 75 | I9: 9346.5 | J9: -2325.88 | K9: -0.2488 | L9: -0.238
A10: 2025-08-18 | B10: 2025-08-18 | C10: 10:52 | D10: trail | E10: CE | F10: 1.25 | G10: B25000CE@136.03>120.79 | H10: 75 | I10: 10202.01 | J10: -1211.72 | K10: -0.1188 | L10: -0.108
A11: 2026-01-22 | B11: 2026-01-22 | C11: 10:18 | D11: trail | E11: CE | F11: 0.7 | G11: B25400CE@147.03>133.58 | H11: 65 | I11: 9557.05 | J11: -942.61 | K11: -0.0986 | L11: -0.087
A12: 2026-01-30 | B12: 2026-01-30 | C12: 13:54 | D12: trail | E12: PE | F12: -0.67 | G12: B25250PE@202.46>156.56 | H12: 65 | I12: 13159.72 | J12: -3055.77 | K12: -0.2322 | L12: -0.223
A13: 2026-03-04 | B13: 2026-03-04 | C13: 14:13 | D13: trail | E13: PE | F13: -1.86 | G13: B24350PE@301.85>231.79 | H13: 65 | I13: 19620.36 | J13: -4639.3 | K13: -0.2365 | L13: -0.228
... A34: 2026-10-22 | B34: 2026-10-22 | C34: 09:45 | D34: trail | E34: PE | F34: -0.54 | G34: B22600PE@162.51>133.68 | H34: 65 | I34: 10563.05 | J34: -1942.62 | K34: -0.1839 | L34: -0.173

Sheet SENSEX E1
A1: Day | B1: Exit day | C1: Exit time | D1: Exit reason | E1: Event type | F1: Legs (buy strike@in>out) | G1: Lot | H1: Premium paid (₹) | I1: Net P&L (₹) | J1: Net % of premium | K1: Worst while held
A2: 2024-10-08 | B2: 2024-10-09 | C2: 14:45 | D2: time | E2: RBI | F2: B81500CE@539.43>478.45;B81500PE@561.90>403.62 | G2: 20 | H2: 22026.58 | I2: -4523.42 | J2: -0.2054 | K2: -0.212
A3: 2024-11-05 | B3: 2024-11-06 | C3: 14:45 | D3: time | E3: US election | F3: B79400CE@617.77>1084.55;B79400PE@598.88>104.08 | G3: 20 | H3: 24333.06 | I3: -711.53 | J3: -0.0292 | K3: -0.173
A4: 2024-11-07 | B4: 2024-11-08 | C4: 14:45 | D4: time | E4: FOMC | F4: B79500CE@669.53>502.52;B79500PE@506.02>444.72 | G4: 20 | H4: 23510.97 | I4: -4707.54 | J4: -0.2002 | K4: -0.194
A5: 2024-12-05 | B5: 2024-12-06 | C5: 14:45 | D5: time | E5: RBI | F5: B82200CE@837.27>486.31;B82200PE@824.10>895.95 | G5: 20 | H5: 33227.31 | I5: -5744.7 | J5: -0.1729 | K5: -0.18
A6: 2024-12-18 | B6: 2024-12-19 | C6: 14:45 | D6: time | E6: FOMC | F6: B80100CE@481.60>108.85;B80100PE@344.71>974.65 | G6: 20 | H6: 16526.22 | I6: 5000.41 | J6: 0.3026 | K6: -0.006
A7: 2025-01-29 | B7: 2025-01-30 | C7: 14:45 | D7: time | E7: FOMC | F7: B76500CE@1030.93>1087.98;B76500PE@977.51>845.25 | G7: 20 | H7: 40168.84 | I7: -1690.9 | J7: -0.0421 | K7: -0.036
A8: 2025-01-31 | B8: 2025-02-01 | C8: 14:45 | D8: time | E8: Budget | F8: B77400CE@794.65>436.11;B77400PE@662.65>286.26 | G8: 20 | H8: 29146.01 | I8: -14833.9 | J8: -0.509 | K8: -0.502
A9: 2025-02-06 | B9: 2025-02-07 | C9: 14:45 | D9: time | E9: RBI | F9: B77900CE@618.18>288.60;B77900PE@474.36>549.39 | G9: 20 | H9: 21850.71 | I9: -5227.34 | J9: -0.2392 | K9: -0.284
A10: 2025-03-19 | B10: 2025-03-20 | C10: 14:45 | D10: time | E10: FOMC | F10: B75500CE@514.71>1053.21;B75500PE@390.39>96.71 | G10: 20 | H10: 18102.06 | I10: 4749.66 | J10: 0.2624 | K10: -0.042
A11: 2025-05-07 | B11: 2025-05-08 | C11: 14:45 | D11: time | E11: FOMC | F11: B80700CE@596.97>496.50;B80700PE@687.77>710.93 | G11: 20 | H11: 25694.83 | I11: -1698.53 | J11: -0.0661 | K11: -0.263
A12: 2025-06-05 | B12: 2025-06-06 | C12: 14:45 | D12: time | E12: RBI | F12: B81500CE@539.89>841.77;B81500PE@482.40>179.10 | G12: 20 | H12: 20445.72 | I12: -171.13 | J12: -0.0084 | K12: -0.144
A13: 2025-06-18 | B13: 2025-06-19 | C13: 14:45 | D13: time | E13: FOMC | F13: B81300CE@612.55>607.60;B81300PE@468.53>370.64 | G13: 20 | H13: 21621.57 | I13: -2198.6 | J13: -0.1017 | K13: -0.157
... A32: 2026-10-06 | B32: 2026-10-07 | C32: 14:45 | D32: time | E32: RBI | F32: B72900CE@353.46>147.26;B72900PE@345.22>365.46 | G32: 20 | H32: 13973.52 | I32: -3839.44 | J32: -0.2748 | K32: -0.263

Sheet SENSEX Q1
A1: Day | B1: Exit day | C1: Exit time | D1: Exit reason | E1: Legs (buy strike@in>out) | F1: Lot | G1: Premium paid (₹) | H1: Net P&L (₹) | I1: Net % of premium | J1: Worst while held
A2: 2024-12-13 | B2: 2024-12-18 | C2: 14:45 | D2: time | E2: B82000CE@566.57>86.47;B82000PE@576.72>1828.81 | F2: 20 | G2: 22865.76 | H2: 15261.48 | I2: 0.6674 | J2: -0.067
A3: 2025-02-24 | B3: 2025-02-28 | C3: 14:45 | D3: time | E3: B74600CE@751.74>78.20;B74600PE@440.39>1073.45 | F3: 20 | G3: 23842.62 | H3: -959.13 | I3: -0.0402 | J3: -0.377
A4: 2025-03-03 | B4: 2025-03-06 | C4: 14:45 | D4: time | E4: B73200CE@646.72>1188.37;B73200PE@499.54>125.37 | F4: 20 | G4: 22925.05 | H4: 3194.54 | I4: 0.1393 | J4: -0.172
A5: 2025-06-11 | B5: 2025-06-16 | C5: 14:45 | D5: time | E5: B82500CE@531.64>54.77;B82500PE@448.63>805.95 | F5: 20 | G5: 19605.54 | H5: -2527.34 | I5: -0.1289 | J5: -0.163
A6: 2025-06-20 | B6: 2025-06-25 | C6: 14:45 | D6: time | E6: B82200CE@784.25>844.01;B82200PE@651.69>283.33 | F6: 20 | G6: 28718.88 | H6: -6322.82 | I6: -0.2202 | J6: -0.272
A7: 2025-07-02 | B7: 2025-07-07 | C7: 14:45 | D7: time | E7: B83200CE@546.47>311.29;B83200PE@411.20>159.95 | F7: 20 | G7: 19153.29 | H7: -9849.79 | I7: -0.5143 | J7: -0.513
A8: 2025-07-08 | B8: 2025-07-11 | C8: 14:45 | D8: time | E8: B83500CE@505.77>60.60;B83500PE@443.86>886.15 | F8: 20 | G8: 18992.49 | H8: -196.96 | I8: -0.0104 | J8: -0.272
A9: 2025-07-14 | B9: 2025-07-17 | C9: 14:45 | D9: time | E9: B82100CE@616.67>522.33;B82100PE@423.26>201.64 | F9: 20 | G9: 20798.47 | H9: -6450.79 | I9: -0.3102 | J9: -0.307
A10: 2025-07-18 | B10: 2025-07-23 | C10: 14:45 | D10: time | E10: B81700CE@709.13>1122.91;B81700PE@425.62>66.96 | F10: 20 | G10: 22694.91 | H10: 952.17 | I10: 0.042 | J10: -0.197
A11: 2025-07-24 | B11: 2025-07-29 | C11: 14:45 | D11: time | E11: B82200CE@648.17>164.18;B82200PE@455.37>1004.95 | F11: 20 | G11: 22070.81 | H11: 1162.45 | I11: 0.0527 | J11: -0.033
A12: 2025-08-08 | B12: 2025-08-13 | C12: 14:45 | D12: time | E12: B80000CE@673.35>898.49;B80000PE@423.61>136.66 | F12: 20 | G12: 21939.15 | H12: -1380.19 | I12: -0.0629 | J12: -0.198
A13: 2025-08-19 | B13: 2025-08-22 | C13: 14:45 | D13: time | E13: B81600CE@500.14>207.16;B81600PE@378.33>381.53 | F13: 20 | G13: 17569.41 | H13: -5920.5 | I13: -0.337 | J13: -0.367
... A32: 2026-08-24 | B32: 2026-08-27 | C32: 14:45 | D32: time | E32: B77300CE@680.89>546.65;B77300PE@416.92>314.62 | F32: 20 | G32: 21956.23 | H32: -4868.15 | I32: -0.2217 | J32: -0.226

Sheet SENSEX B1
A1: Day | B1: Exit day | C1: Exit time | D1: Exit reason | E1: Side | F1: Signal | G1: Legs (buy strike@in>out) | H1: Lot | I1: Premium paid (₹) | J1: Net P&L (₹) | K1: Net % of premium | L1: Worst while held
A2: 2024-10-01 | B2: 2024-10-01 | C2: 11:43 | D2: trail | E2: PE | F2: 10:31 | G2: B84200PE@391.90>315.37 | H2: 20 | I2: 7837.99 | J2: -1593.53 | K2: -0.2033 | L2: -0.191
A3: 2024-10-03 | B3: 2024-10-03 | C3: 09:58 | D3: trail | E3: CE | F3: 09:31 | G3: B83600CE@424.01>393.97 | H3: 20 | I3: 8480.19 | J3: -666.93 | K3: -0.0786 | L3: -0.066
A4: 2024-10-04 | B4: 2024-10-04 | C4: 09:50 | D4: stop | E4: PE | F4: 09:31 | G4: B82100PE@595.86>421.88 | H4: 20 | I4: 11917.29 | J4: -3548.46 | K4: -0.2978 | L4: -0.288
A5: 2024-10-07 | B5: 2024-10-07 | C5: 11:23 | D5: trail | E5: PE | F5: 09:30 | G5: B81900PE@572.85>750.63 | H5: 20 | I5: 11457 | J5: 3474.38 | K5: 0.3033 | L5: -0.106
A6: 2024-10-08 | B6: 2024-10-08 | C6: 12:49 | D6: trail | E6: CE | F6: 09:46 | G6: B81300CE@731.64>613.02 | H6: 20 | I6: 14632.8 | J6: -2449.75 | K6: -0.1674 | L6: -0.16
A7: 2024-10-09 | B7: 2024-10-09 | C7: 10:06 | D7: stop | E7: PE | F7: 09:37 | G7: B81700PE@529.74>376.56 | H7: 20 | I7: 10594.71 | J7: -3130 | K7: -0.2954 | L7: -0.286
A8: 2024-10-10 | B8: 2024-10-10 | C8: 10:37 | D8: stop | E8: CE | F8: 10:05 | G8: B81900CE@414.01>304.11 | H8: 20 | I8: 8280.19 | J8: -2260.57 | K8: -0.273 | L8: -0.262
A9: 2024-10-11 | B9: 2024-10-11 | C9: 15:15 | D9: time | E9: PE | F9: 09:42 | G9: B81400PE@480.44>475.60 | H9: 20 | I9: 9608.8 | J9: -166.68 | K9: -0.0173 | L9: -0.18
A10: 2024-10-14 | B10: 2024-10-14 | C10: 15:15 | D10: time | E10: CE | F10: 09:44 | G10: B81800CE@537.67>561.92 | H10: 20 | I10: 10753.5 | J10: 411.36 | K10: 0.0383 | L10: -0.083
A11: 2024-10-15 | B11: 2024-10-15 | C11: 10:43 | D11: trail | E11: PE | F11: 09:45 | G11: B82100PE@405.27>499.74 | H11: 20 | I11: 8105.32 | J11: 1819.41 | K11: 0.2245 | L11: -0.018
A12: 2024-10-16 | B12: 2024-10-16 | C12: 10:54 | D12: trail | E12: CE | F12: 09:31 | G12: B81700CE@426.27>390.54 | H12: 20 | I12: 8525.41 | J12: -780.72 | K12: -0.0916 | L12: -0.079
A13: 2024-10-17 | B13: 2024-10-17 | C13: 10:36 | D13: trail | E13: PE | F13: 09:34 | G13: B81400PE@303.86>339.94 | H13: 20 | I13: 6077.23 | J13: 658.59 | K13: 0.1084 | L13: 0
... A487: 2026-10-23 | B487: 2026-10-23 | C487: 13:39 | D487: trail | E487: PE | F487: 09:31 | G487: B73500PE@586.92>825.40 | H487: 20 | I487: 11738.4 | J487: 4685.46 | K487: 0.3992 | L487: -0.083

Sheet SENSEX G1
A1: Day | B1: Exit day | C1: Exit time | D1: Exit reason | E1: Side | F1: Gap pct | G1: Legs (buy strike@in>out) | H1: Lot | I1: Premium paid (₹) | J1: Net P&L (₹) | K1: Net % of premium | L1: Worst while held
A2: 2024-11-25 | B2: 2024-11-25 | C2: 12:50 | D2: stop | E2: CE | F2: 1.36 | G2: B80400CE@650.34>466.75 | H2: 20 | I2: 13006.71 | J2: -3742.6 | K2: -0.2877 | L2: -0.279
A3: 2024-12-23 | B3: 2024-12-23 | C3: 12:04 | D3: trail | E3: CE | F3: 0.57 | G3: B78700CE@647.67>522.23 | H3: 20 | I3: 12953.44 | J3: -2582.02 | K3: -0.1993 | L3: -0.24
A4: 2025-02-03 | B4: 2025-02-03 | C4: 10:42 | D4: trail | E4: PE | F4: -0.67 | G4: B77100PE@301.60>257.60 | H4: 20 | I4: 6032.01 | J4: -939.92 | K4: -0.1558 | L4: -0.142
A5: 2025-02-04 | B5: 2025-02-04 | C5: 15:15 | D5: time | E5: CE | F5: 0.65 | G5: B77700CE@641.48>1050.44 | H5: 20 | I5: 12829.63 | J5: 8085.85 | K5: 0.6302 | L5: -0.043
A6: 2025-02-24 | B6: 2025-02-24 | C6: 11:42 | D6: trail | E6: PE | F6: -0.55 | G6: B74800PE@287.57>275.81 | H6: 20 | I6: 5751.41 | J6: -295.51 | K6: -0.0514 | L6: -0.046
A7: 2025-02-28 | B7: 2025-02-28 | C7: 14:45 | D7: trail | E7: PE | F7: -0.55 | G7: B73900PE@314.45>545.36 | H7: 20 | I7: 6289.09 | J7: 4547.12 | K7: 0.723 | L7: 0
A8: 2025-03-18 | B8: 2025-03-18 | C8: 15:15 | D8: time | E8: CE | F8: 0.59 | G8: B74600CE@647.47>1023.51 | H8: 20 | I8: 12949.42 | J8: 7428.47 | K8: 0.5737 | L8: 0
A9: 2025-04-11 | B9: 2025-04-11 | C9: 10:24 | D9: trail | E9: CE | F9: 1.34 | G9: B75000CE@636.87>648.74 | H9: 20 | I9: 12737.37 | J9: 159.58 | K9: 0.0125 | L9: -0.019
A10: 2025-05-12 | B10: 2025-05-12 | C10: 10:47 | D10: trail | E10: CE | F10: 1.7 | G10: B81400CE@257.58>491.78 | H10: 20 | I10: 5151.63 | J10: 4615.55 | K10: 0.8959 | L10: 0
A11: 2025-06-24 | B11: 2025-06-24 | C11: 12:40 | D11: trail | E11: CE | F11: 0.78 | G11: B82700CE@604.81>618.69 | H11: 20 | I11: 12096.18 | J11: 201.23 | K11: 0.0166 | L11: -0.203
A12: 2025-08-18 | B12: 2025-08-18 | C12: 10:26 | D12: trail | E12: CE | F12: 0.89 | G12: B81700CE@315.82>270.24 | H12: 20 | I12: 6316.42 | J12: -972.02 | K12: -0.1539 | L12: -0.14
A13: 2026-01-22 | B13: 2026-01-22 | C13: 10:19 | D13: trail | E13: CE | F13: 0.67 | G13: B82600CE@703.50>569.04 | H13: 20 | I13: 14070 | J13: -2764.57 | K13: -0.1965 | L13: -0.187
... A36: 2026-10-21 | B36: 2026-10-21 | C36: 09:51 | D36: trail | E36: CE | F36: 0.66 | G36: B74500CE@362.70>315.22 | H36: 20 | I36: 7254.09 | J36: -1012.36 | K36: -0.1396 | L36: -0.127

Sheet Gap check 2022-24
A1: Day | B1: Gap side | C1: Gap % | D1: Entry 09:30 | E1: Close 15:15 | F1: Follow-through to 15:15 | G1: Max favourable | H1: Max adverse
A2: 2022-01-06 | B2: down | C2: -0.00787 | D2: 17719.95 | E2: 17739.85 | F2: -0.001123 | G2: 0.003615 | H2: -0.003995
A3: 2022-01-21 | B3: down | C3: -0.00923 | D3: 17554.35 | E3: 17615.05 | F3: -0.003458 | G3: 0.003825 | H3: -0.00871
A4: 2022-01-25 | B4: down | C4: -0.00654 | D4: 16985 | E4: 17292.65 | F4: -0.018113 | G4: 0.001643 | H4: -0.01824
A5: 2022-01-27 | B5: down | C5: -0.0119 | D5: 16992.7 | E5: 17129.05 | F5: -0.008024 | G5: 0.007394 | H5: -0.011146
A6: 2022-01-31 | B6: up | C6: 0.01148 | D6: 17304.5 | E6: 17342.9 | F6: 0.002219 | G6: 0.006091 | H6: -0.00232
A7: 2022-02-02 | B7: up | C7: 0.0058 | D7: 17725.9 | E7: 17779.85 | F7: 0.003044 | G7: 0.003413 | H7: -0.002694
A8: 2022-02-09 | B8: up | C8: 0.00759 | D8: 17406.85 | E8: 17461.85 | F8: 0.00316 | G8: 0.003789 | H8: -0.002381
A9: 2022-02-11 | B9: down | C9: -0.00776 | D9: 17404.6 | E9: 17384.95 | F9: 0.001129 | G9: 0.005826 | H9: -0.002453
A10: 2022-02-14 | B10: down | C10: -0.01553 | D10: 16978.85 | E10: 16844.9 | F10: 0.007889 | G10: 0.008478 | H10: -0.006119
A11: 2022-02-15 | B11: up | C11: 0.00709 | D11: 16955.7 | E11: 17358.55 | F11: 0.023759 | G11: 0.023759 | H11: -0.0068
A12: 2022-02-23 | B12: up | C12: 0.0068 | D12: 17201.85 | E12: 17050.7 | F12: -0.008787 | G12: 0.000125 | H12: -0.009604
A13: 2022-02-25 | B13: up | C13: 0.01848 | D13: 16581.35 | E13: 16652.5 | F13: 0.004291 | G13: 0.010063 | H13: -0.001921
... A75: 2024-09-19 | B75: up | C75: 0.00562 | D75: 25568.55 | E75: 25420 | F75: -0.00581 | G75: 0.001664 | H75: -0.007513

Sheet Max up NIFTY
A1: Pod | B1: Day | C1: Entry | D1: Exit day | E1: Exit time | F1: Exit reason | G1: Booked net % of premium | H1: Max up while held | I1: Peak while held at | J1: Max up any time (to 15:29) | K1: Peak any time at
A2: E1 | B2: 2024-10-08 | C2: 14:45 | D2: 2024-10-09 | E2: 14:45 | F2: time | G2: -0.3493 | H2: 0.2136 | I2: 2024-10-09 11:21 | J2: 0.2136 | K2: 2024-10-09 11:21
A3: E1 | B3: 2024-11-05 | C3: 14:45 | D3: 2024-11-06 | E3: 14:45 | F3: time | G3: -0.1431 | H3: 0.0977 | I3: 2024-11-06 14:23 | J3: 0.0977 | K3: 2024-11-06 14:23
A4: E1 | B4: 2024-11-07 | C4: 14:45 | D4: 2024-11-08 | E4: 14:45 | F4: time | G4: -0.2095 | H4: 0.0591 | I4: 2024-11-08 09:20 | J4: 0.0591 | K4: 2024-11-08 09:20
A5: E1 | B5: 2024-12-05 | C5: 14:45 | D5: 2024-12-06 | E5: 14:45 | F5: time | G5: -0.1854 | H5: 0.0663 | I5: 2024-12-05 14:57 | J5: 0.0663 | K5: 2024-12-05 14:57
A6: E1 | B6: 2025-01-29 | C6: 14:45 | D6: 2025-01-30 | E6: 14:45 | F6: time | G6: -0.0488 | H6: 0.0544 | I6: 2025-01-30 09:36 | J6: 0.0544 | K6: 2025-01-30 09:36
A7: E1 | B7: 2025-01-31 | C7: 14:45 | D7: 2025-02-01 | E7: 14:45 | F7: time | G7: -0.4041 | H7: -0.0026 | I7: 2025-01-31 14:49 | J7: -0.0026 | K7: 2025-01-31 14:49
A8: E1 | B8: 2025-02-06 | C8: 14:45 | D8: 2025-02-07 | E8: 14:45 | F8: time | G8: -0.2067 | H8: 0.0205 | I8: 2025-02-07 09:22 | J8: 0.0205 | K8: 2025-02-07 09:22
A9: E1 | B9: 2025-03-19 | C9: 14:45 | D9: 2025-03-20 | E9: 14:45 | F9: time | G9: 0.0836 | H9: 0.1771 | I9: 2025-03-20 13:23 | J9: 0.1771 | K9: 2025-03-20 13:23
A10: E1 | B10: 2025-04-08 | C10: 14:45 | D10: 2025-04-09 | E10: 14:45 | F10: time | G10: -0.1426 | H10: 0.0011 | I10: 2025-04-08 14:46 | J10: 0.0011 | K10: 2025-04-08 14:46
A11: E1 | B11: 2025-05-07 | C11: 14:45 | D11: 2025-05-08 | E11: 14:45 | F11: time | G11: 0.0446 | H11: 0.0551 | I11: 2025-05-08 14:45 | J11: 0.194 | K11: 2025-05-08 14:54
A12: E1 | B12: 2025-06-05 | C12: 14:45 | D12: 2025-06-06 | E12: 14:45 | F12: time | G12: 0.0581 | H12: 0.2708 | I12: 2025-06-06 11:56 | J12: 0.2708 | K12: 2025-06-06 11:56
A13: E1 | B13: 2025-06-18 | C13: 14:45 | D13: 2025-06-19 | E13: 14:45 | F13: time | G13: -0.0894 | H13: 0.007 | I13: 2025-06-18 15:13 | J13: 0.007 | K13: 2025-06-18 15:13
... A587: G1 | B587: 2026-10-22 | C587: 09:30 | D587: 2026-10-22 | E587: 09:45 | F587: trail | G587: -0.1839 | H587: 0.1396 | I587: 2026-10-22 09:34 | J587: 0.1396 | K587: 2026-10-22 09:34
